{"acc": [0.1340833306312561, 0.23485000431537628, 0.296999990940094, 0.3179333209991455, 0.3847000002861023, 0.4242166578769684, 0.4792500138282776, 0.4975000023841858, 0.5063999891281128, 0.5151666402816772, 0.529116690158844, 0.5404499769210815, 0.5574833154678345, 0.572516679763794, 0.5961833596229553, 0.6583333611488342, 0.6879833340644836, 0.7062166929244995, 0.7243666648864746, 0.7451000213623047, 0.7569833397865295, 0.7623999714851379, 0.7715499997138977, 0.7751166820526123, 0.7837166786193848, 0.7928166389465332, 0.8013499975204468, 0.8136833310127258, 0.8310666680335999, 0.840666651725769, 0.8445666432380676, 0.847000002861023, 0.8507999777793884, 0.8515666723251343, 0.8533333539962769, 0.8546500205993652, 0.8555999994277954, 0.8579666614532471, 0.8598833084106445, 0.8599500060081482, 0.8613166809082031, 0.8623666763305664, 0.8625666499137878, 0.8638333082199097, 0.8647833466529846, 0.8651833534240723, 0.8645833134651184, 0.8655333518981934, 0.8671333193778992, 0.8675166964530945, 0.8680499792098999, 0.8693166375160217, 0.8703666925430298, 0.8686333298683167, 0.8703333139419556, 0.8698499798774719, 0.8706166744232178, 0.8700000047683716, 0.869783341884613, 0.8705333471298218, 0.8721333146095276, 0.8710833191871643, 0.871066689491272, 0.8722666501998901, 0.871399998664856, 0.8721333146095276, 0.8721166849136353, 0.8724499940872192, 0.8723499774932861, 0.8726500272750854, 0.8729666471481323, 0.8726999759674072, 0.8718000054359436, 0.8723333477973938, 0.8725000023841858, 0.873283326625824, 0.8744666576385498, 0.8720499873161316, 0.8724333047866821, 0.8734833598136902, 0.8732333183288574, 0.8730666637420654, 0.8728500008583069, 0.8722166419029236, 0.8735166788101196, 0.8717833161354065, 0.8723666667938232, 0.8734833598136902, 0.8723999857902527, 0.8736000061035156, 0.872866690158844, 0.8725000023841858, 0.8730499744415283, 0.8728833198547363, 0.8736166954040527, 0.8730499744415283, 0.8727999925613403, 0.8730499744415283, 0.8733833432197571, 0.8734833598136902], "loss": [2.260920763015747, 1.9286729097366333, 1.760764479637146, 1.5582637786865234, 1.461362600326538, 1.3283390998840332, 1.2308061122894287, 1.156245470046997, 1.1049730777740479, 1.0612001419067383, 1.0314387083053589, 1.0049153566360474, 0.9798524975776672, 0.9547878503799438, 0.9291867613792419, 0.8741983771324158, 0.812690794467926, 0.7742996215820312, 0.7365713119506836, 0.6944808959960938, 0.6621516942977905, 0.6423300504684448, 0.6246870160102844, 0.6087026596069336, 0.5970612168312073, 0.5812819004058838, 0.5655142664909363, 0.5451697111129761, 0.5170621275901794, 0.49090370535850525, 0.47415074706077576, 0.4619808793067932, 0.45201706886291504, 0.4461958408355713, 0.43708544969558716, 0.4321283996105194, 0.4301789700984955, 0.42483755946159363, 0.42075401544570923, 0.42033159732818604, 0.4197748005390167, 0.4150640070438385, 0.41260847449302673, 0.40916013717651367, 0.4072979688644409, 0.4073745906352997, 0.40853339433670044, 0.4075065553188324, 0.4055638015270233, 0.4048399031162262, 0.4045421779155731, 0.4024292528629303, 0.402672678232193, 0.4017163813114166, 0.4006401300430298, 0.40057307481765747, 0.4001270532608032, 0.3999338746070862, 0.40085098147392273, 0.396373450756073, 0.39769914746284485, 0.39855292439460754, 0.3977361023426056, 0.39881280064582825, 0.39692422747612, 0.39851081371307373, 0.39755335450172424, 0.39777013659477234, 0.3982779085636139, 0.39774078130722046, 0.3953351676464081, 0.394289493560791, 0.396742582321167, 0.3972296416759491, 0.39720287919044495, 0.3955696225166321, 0.3955366015434265, 0.39789798855781555, 0.3963283598423004, 0.39329424500465393, 0.3956012725830078, 0.3969782292842865, 0.3957017660140991, 0.39745816588401794, 0.39384499192237854, 0.3961629569530487, 0.3978900611400604, 0.3946380913257599, 0.3956972360610962, 0.3949701189994812, 0.3959324359893799, 0.39526477456092834, 0.39448288083076477, 0.3953716456890106, 0.3954932987689972, 0.3951607346534729, 0.3961184620857239, 0.3973930776119232, 0.39595502614974976, 0.3942042589187622], "val_acc": [0.2085999995470047, 0.3010999858379364, 0.3172000050544739, 0.3522000014781952, 0.40860000252723694, 0.47290000319480896, 0.5011000037193298, 0.520799994468689, 0.5371000170707703, 0.5368000268936157, 0.5449000000953674, 0.5577999949455261, 0.5705999732017517, 0.580299973487854, 0.6370999813079834, 0.6859999895095825, 0.7077999711036682, 0.722000002861023, 0.7476999759674072, 0.7584999799728394, 0.7631999850273132, 0.7720999717712402, 0.775600016117096, 0.7799000144004822, 0.786899983882904, 0.796999990940094, 0.8068000078201294, 0.821399986743927, 0.833299994468689, 0.8389999866485596, 0.8427000045776367, 0.8446999788284302, 0.8454999923706055, 0.84579998254776, 0.8464000225067139, 0.8485999703407288, 0.8485999703407288, 0.8503000140190125, 0.8511000275611877, 0.8519999980926514, 0.8518999814987183, 0.8528000116348267, 0.8529999852180481, 0.8539000153541565, 0.8546000123023987, 0.8547999858856201, 0.8551999926567078, 0.8554999828338623, 0.8550999760627747, 0.8554999828338623, 0.85589998960495, 0.8565999865531921, 0.857699990272522, 0.8572999835014343, 0.858299970626831, 0.859000027179718, 0.8589000105857849, 0.859499990940094, 0.8596000075340271, 0.8596000075340271, 0.8597999811172485, 0.8598999977111816, 0.8604000210762024, 0.8600999712944031, 0.8604000210762024, 0.8601999878883362, 0.8603000044822693, 0.8604999780654907, 0.8604000210762024, 0.8604000210762024, 0.8604999780654907, 0.8604000210762024, 0.8601999878883362, 0.8603000044822693, 0.8605999946594238, 0.8604999780654907, 0.8604000210762024, 0.8607000112533569, 0.8604999780654907, 0.8607000112533569, 0.8603000044822693, 0.8604999780654907, 0.8607000112533569, 0.8608999848365784, 0.8607000112533569, 0.8607000112533569, 0.8610000014305115, 0.8605999946594238, 0.8605999946594238, 0.8604999780654907, 0.8604000210762024, 0.8604999780654907, 0.8605999946594238, 0.8605999946594238, 0.8605999946594238, 0.8605999946594238, 0.8605999946594238, 0.8605999946594238, 0.8605999946594238, 0.8605999946594238],