{"acc": [0.9068999886512756, 0.9556666612625122, 0.9659500122070312, 0.9734166860580444, 0.9774500131607056, 0.9802333116531372, 0.9825000166893005, 0.9841499924659729, 0.9861500263214111, 0.9878166913986206, 0.9881333112716675, 0.9888499975204468, 0.989883303642273, 0.9898166656494141, 0.9917666912078857, 0.9921666383743286, 0.9923666715621948, 0.9920166730880737, 0.9926000237464905, 0.9932666420936584, 0.9938333630561829, 0.9959666728973389, 0.9960166811943054, 0.996916651725769, 0.9976000189781189, 0.9976999759674072, 0.9981666803359985, 0.9982500076293945, 0.9988166689872742, 0.9994333386421204, 0.9992499947547913, 0.9992333054542542, 0.9997000098228455, 0.999666690826416, 0.9998499751091003, 0.9998833537101746, 0.999916672706604, 0.9998833537101746, 0.9998833537101746, 0.999916672706604, 0.9998833537101746, 0.9999499917030334, 0.999916672706604, 1.0, 0.9999666810035706, 1.0, 0.9999666810035706, 0.9999833106994629, 0.9999833106994629, 1.0, 0.9999833106994629, 0.9999833106994629, 0.9999666810035706, 0.9999499917030334, 0.9999833106994629, 0.9999833106994629, 1.0, 1.0, 1.0, 0.9999833106994629, 0.9999833106994629, 0.9999833106994629, 0.9999833106994629, 1.0, 1.0, 0.9999666810035706, 1.0, 0.9999833106994629, 0.9999833106994629, 0.9999666810035706, 1.0, 1.0, 1.0, 1.0, 0.9999666810035706, 1.0, 1.0, 0.9999833106994629, 0.9999833106994629, 0.9999833106994629, 0.9999666810035706, 1.0, 1.0, 0.9999833106994629, 0.9999833106994629, 1.0, 0.9999833106994629, 1.0, 1.0, 0.9999833106994629, 0.9999833106994629, 0.9999833106994629, 1.0, 1.0, 0.9999833106994629, 1.0, 1.0, 0.9999833106994629, 1.0, 0.9999833106994629], "loss": [0.30982789397239685, 0.1528046876192093, 0.11471462994813919, 0.08908496797084808, 0.07621953636407852, 0.06606881320476532, 0.05652836337685585, 0.051399052143096924, 0.04598714038729668, 0.04096517711877823, 0.04015567898750305, 0.03922451287508011, 0.035014212131500244, 0.03550708666443825, 0.030853567644953728, 0.028236769139766693, 0.028287073597311974, 0.029610073193907738, 0.02760959230363369, 0.025682605803012848, 0.02268211543560028, 0.015898264944553375, 0.015008216723799706, 0.011024750769138336, 0.009119310416281223, 0.008847550489008427, 0.007297498639672995, 0.0061399792321026325, 0.004024981986731291, 0.0020261388272047043, 0.0029374228324741125, 0.0025358726270496845, 0.0009584219660609961, 0.0013849606039002538, 0.0005444249836727977, 0.00030217328458093107, 0.0002012383338296786, 0.0007725937757641077, 0.00028064436628483236, 0.00027077054255641997, 0.0003604217490646988, 0.00017685008060652763, 0.0002845898561645299, 4.494822132983245e-05, 6.494369881693274e-05, 2.234911335108336e-05, 5.9054949815617874e-05, 9.732975740917027e-05, 5.5845048336777836e-05, 1.72053296410013e-05, 7.222871499834582e-05, 4.825760697713122e-05, 9.884269820759073e-05, 5.620928277494386e-05, 4.9784946895670146e-05, 2.4009212211240083e-05, 1.2187226275273133e-05, 1.2739298654196318e-05, 6.098232461226871e-06, 3.3551743399584666e-05, 9.727540600579232e-05, 7.107844430720434e-05, 3.571923662093468e-05, 1.607548983884044e-05, 6.9178677222225815e-06, 8.17558538983576e-05, 5.777628757641651e-06, 8.662162144901231e-05, 4.468250699574128e-05, 6.122823833720759e-05, 1.5949257431202568e-05, 4.08469941248768e-06, 2.183886681450531e-05, 1.7148118786280975e-05, 9.62577760219574e-05, 7.246967925311765e-06, 7.220707630040124e-06, 2.9283566618687473e-05, 7.785492925904691e-05, 2.36414070968749e-05, 0.0001347866200376302, 4.205653112876462e-06, 7.350741725531407e-06, 3.376806489541195e-05, 0.0001085538460756652, 1.597381015017163e-05, 0.00015256108599714935, 7.80840764491586e-06, 1.0929823474725708e-05, 0.0001467182592023164, 0.00022888580861035734, 2.714193396968767e-05, 4.994365099264542e-06, 8.489668289257679e-06, 4.6992576244520023e-05, 4.779484697792213e-06, 1.3405706340563484e-05, 7.78849862399511e-05, 2.709992440941278e-05, 3.86733518098481e-05], "val_acc": [0.9553999900817871, 0.9668999910354614, 0.9649999737739563, 0.9740999937057495, 0.9746999740600586, 0.97079998254776, 0.9778000116348267, 0.9735999703407288, 0.9810000061988831, 0.9678000211715698, 0.9782999753952026, 0.9799000024795532, 0.9821000099182129, 0.9800999760627747, 0.9801999926567078, 0.9814000129699707, 0.9811999797821045, 0.9829000234603882, 0.9797999858856201, 0.9768999814987183, 0.9793000221252441, 0.9836999773979187, 0.9815000295639038, 0.9824000000953674, 0.9839000105857849, 0.9853000044822693, 0.9836999773979187, 0.9850999712944031, 0.9828000068664551, 0.9847999811172485, 0.9837999939918518, 0.9847999811172485, 0.9861000180244446, 0.9854000210762024, 0.9860000014305115, 0.9850999712944031, 0.9857000112533569, 0.98580002784729, 0.9854000210762024, 0.9855999946594238, 0.9846000075340271, 0.98580002784729, 0.9855999946594238, 0.9865000247955322, 0.9854999780654907, 0.9861999750137329, 0.9861999750137329, 0.9857000112533569, 0.9861999750137329, 0.9857000112533569, 0.9857000112533569, 0.9860000014305115, 0.9857000112533569, 0.9855999946594238, 0.9855999946594238, 0.9854999780654907, 0.9854000210762024, 0.9851999878883362, 0.9855999946594238, 0.9857000112533569, 0.9854999780654907, 0.9854999780654907, 0.9854000210762024, 0.9854999780654907, 0.9854000210762024, 0.9855999946594238, 0.98580002784729, 0.9857000112533569, 0.98580002784729, 0.9855999946594238, 0.9855999946594238, 0.9857000112533569, 0.9855999946594238, 0.9855999946594238, 0.9855999946594238, 0.9855999946594238, 0.9855999946594238, 0.9855999946594238, 0.9855999946594238, 0.9854999780654907, 0.9854999780654907, 0.9854999780654907, 0.9854999780654907, 0.9854999780654907, 0.9854999780654907, 0.9855999946594238, 0.9855999946594238, 0.9855999946594238, 0.9854999780654907, 0.9854999780654907, 0.9854999780654907, 0.9854999780654907, 0.9854999780654907, 0.9854999780654907, 0.9854999780654907, 0.9854999780654907, 0.9854999780654907, 0.9854999780654907, 0.9854999780654907, 0.9854999780654907], "val_loss": [0.14653466641902924, 0.10573545843362808, 0.10884818434715271, 0.0901840403676033, 0.09442535787820816, 0.11694198846817017, 0.0952877327799797, 0.11278507113456726, 0.09141439199447632, 0.16208860278129578, 0.11210087686777115, 0.11118364334106445, 0.09367750585079193, 0.11667349934577942, 0.1269044727087021, 0.12276653945446014, 0.12826836109161377, 0.1352752298116684, 0.16049161553382874, 0.19095630943775177, 0.1855696588754654, 0.17704159021377563, 0.18605701625347137, 0.1932804137468338, 0.16930554807186127, 0.14333568513393402, 0.1597593128681183, 0.15075142681598663, 0.1882282942533493, 0.1890510767698288, 0.1776009052991867, 0.1790148913860321, 0.16715113818645477, 0.17516309022903442, 0.18118108808994293, 0.18426650762557983, 0.19420753419399261, 0.19911342859268188, 0.20052042603492737, 0.2072315365076065, 0.21315617859363556, 0.2119673639535904, 0.2012428343296051, 0.2025040090084076, 0.20760974287986755, 0.21027444303035736, 0.21539263427257538, 0.21565932035446167, 0.21500256657600403, 0.2177775651216507, 0.21550396084785461, 0.21944157779216766, 0.21723529696464539, 0.2187345176935196, 0.21808281540870667, 0.22079135477542877, 0.2229432314634323, 0.2248576134443283, 0.2239690124988556, 0.22765488922595978, 0.22892436385154724, 0.2298833429813385, 0.22890672087669373, 0.22874170541763306, 0.22846877574920654, 0.226774662733078, 0.22716516256332397, 0.22690947353839874, 0.22750258445739746, 0.22709079086780548, 0.22701169550418854, 0.22699753940105438, 0.22729595005512238, 0.22730278968811035, 0.2274988740682602, 0.22750292718410492, 0.2277405709028244, 0.22787629067897797, 0.22812514007091522, 0.2280530482530594, 0.2280561476945877, 0.22821833193302155, 0.2282002717256546, 0.22848376631736755, 0.22851447761058807, 0.22874684631824493, 0.22870156168937683, 0.2288074940443039, 0.22872504591941833, 0.2288096398115158, 0.22869814932346344, 0.22870320081710815, 0.2287246286869049, 0.22874806821346283, 0.22871196269989014, 0.22876979410648346, 0.22878214716911316, 0.22874853014945984, 0.22875264286994934, 0.22877292335033417],