{"acc": [0.6040666699409485, 0.8151166439056396, 0.854116678237915, 0.8722500205039978, 0.8838499784469604, 0.8922500014305115, 0.8987166881561279, 0.9045166373252869, 0.9085666537284851, 0.9132500290870667, 0.9160000085830688, 0.9176166653633118, 0.9212833046913147, 0.9234499931335449, 0.9264000058174133, 0.9285333156585693, 0.9293833374977112, 0.9317833185195923, 0.9334999918937683, 0.9347000122070312, 0.935949981212616, 0.9380166530609131, 0.9375666379928589, 0.939050018787384, 0.9400166869163513, 0.9386833310127258, 0.9401999711990356, 0.941266655921936, 0.9420499801635742, 0.9415500164031982, 0.9429333209991455, 0.9426500201225281, 0.9436166882514954, 0.9434166550636292, 0.9443833231925964, 0.9441166520118713, 0.9438666701316833, 0.9440666437149048, 0.9441499710083008, 0.9447000026702881, 0.9424833059310913, 0.9445333480834961, 0.9440333247184753, 0.944350004196167, 0.9447833299636841, 0.9451666474342346, 0.9438999891281128, 0.9445833563804626, 0.9454500079154968, 0.9450666904449463, 0.9449666738510132, 0.9450500011444092, 0.9443333148956299, 0.944016695022583, 0.9443833231925964, 0.9447333216667175, 0.9441333413124084, 0.9457833170890808, 0.9440833330154419, 0.9450666904449463, 0.9446333050727844, 0.9446666836738586, 0.9448666572570801, 0.9446499943733215, 0.9455666542053223, 0.9452666640281677, 0.9445000290870667, 0.9444166421890259, 0.9457333087921143, 0.9451333284378052, 0.944350004196167, 0.9459499716758728, 0.944683313369751, 0.9454666376113892, 0.945816695690155, 0.944683313369751, 0.9439666867256165, 0.9452999830245972, 0.9448333382606506, 0.9446333050727844, 0.9457666873931885, 0.9450166821479797, 0.9448833465576172, 0.9451166391372681, 0.9455500245094299, 0.9442166686058044, 0.9451000094413757, 0.9444000124931335, 0.9450833201408386, 0.9451500177383423, 0.9451833367347717, 0.9449666738510132, 0.9448166489601135, 0.9448833465576172, 0.9456666707992554, 0.9444833397865295, 0.9447833299636841, 0.9460333585739136, 0.9455500245094299, 0.9450666904449463], "loss": [1.311488389968872, 0.6423473954200745, 0.510775625705719, 0.450468510389328, 0.4111831784248352, 0.3870641887187958, 0.3606286346912384, 0.34328794479370117, 0.3280986249446869, 0.3147422671318054, 0.3024781048297882, 0.2939513921737671, 0.2854394316673279, 0.2764335572719574, 0.2665444314479828, 0.260819673538208, 0.2572193145751953, 0.24981726706027985, 0.24389547109603882, 0.237908735871315, 0.23397700488567352, 0.22993671894073486, 0.227794349193573, 0.22317932546138763, 0.2200435996055603, 0.21841730177402496, 0.21783104538917542, 0.21399889886379242, 0.21304520964622498, 0.2126287817955017, 0.2102256417274475, 0.20951645076274872, 0.20690780878067017, 0.20847071707248688, 0.20485688745975494, 0.20436939597129822, 0.20549209415912628, 0.20568303763866425, 0.2050839513540268, 0.20588357746601105, 0.20655132830142975, 0.20436333119869232, 0.20316575467586517, 0.20217293500900269, 0.202126607298851, 0.20100674033164978, 0.2047964632511139, 0.20358537137508392, 0.20288023352622986, 0.2015242576599121, 0.20109300315380096, 0.19980260729789734, 0.20189209282398224, 0.20175611972808838, 0.19991301000118256, 0.20212212204933167, 0.20161744952201843, 0.19995146989822388, 0.20040006935596466, 0.19886261224746704, 0.20173193514347076, 0.1999283730983734, 0.19981235265731812, 0.20137612521648407, 0.19855260848999023, 0.1990167498588562, 0.2035989761352539, 0.20147088170051575, 0.20153699815273285, 0.20149044692516327, 0.2015569508075714, 0.19988049566745758, 0.2000751942396164, 0.19936645030975342, 0.199846088886261, 0.20145520567893982, 0.20314565300941467, 0.201236292719841, 0.2005854845046997, 0.1992117017507553, 0.19923338294029236, 0.20092621445655823, 0.20213067531585693, 0.20058894157409668, 0.20058712363243103, 0.20202605426311493, 0.20345808565616608, 0.20041921734809875, 0.2022806704044342, 0.19901955127716064, 0.2004343718290329, 0.2010238766670227, 0.20227202773094177, 0.2011592835187912, 0.19923627376556396, 0.20219533145427704, 0.20239503681659698, 0.19849500060081482, 0.2007426619529724, 0.20060484111309052], "val_acc": [0.8686000108718872, 0.8974000215530396, 0.910099983215332, 0.9175000190734863, 0.9229999780654907, 0.9275000095367432, 0.9297000169754028, 0.9315999746322632, 0.9337999820709229, 0.9345999956130981, 0.9377999901771545, 0.9391999840736389, 0.9406999945640564, 0.942300021648407, 0.9430999755859375, 0.9453999996185303, 0.9456999897956848, 0.9462000131607056, 0.9470000267028809, 0.9484000205993652, 0.9484000205993652, 0.9488999843597412, 0.9495000243186951, 0.9501000046730042, 0.9506999850273132, 0.951200008392334, 0.9516000151634216, 0.9524000287055969, 0.9527000188827515, 0.953000009059906, 0.9527999758720398, 0.9531000256538391, 0.953499972820282, 0.953499972820282, 0.9535999894142151, 0.9541000127792358, 0.9538999795913696, 0.9535999894142151, 0.9542999863624573, 0.954200029373169, 0.9542999863624573, 0.9542999863624573, 0.9542999863624573, 0.9542999863624573, 0.9542999863624573, 0.9542999863624573, 0.9544000029563904, 0.954200029373169, 0.9544000029563904, 0.9545000195503235, 0.9545000195503235, 0.9545000195503235, 0.9544000029563904, 0.9544000029563904, 0.9544000029563904, 0.9544000029563904, 0.9544000029563904, 0.9545000195503235, 0.9545000195503235, 0.9545000195503235, 0.9545000195503235, 0.9545999765396118, 0.9545999765396118, 0.9545000195503235, 0.9545000195503235, 0.9545999765396118, 0.9545999765396118, 0.9545999765396118, 0.9545999765396118, 0.9546999931335449, 0.9546999931335449, 0.9546999931335449, 0.9546999931335449, 0.9546999931335449, 0.9546999931335449, 0.9546999931335449, 0.9546999931335449, 0.9546999931335449, 0.9546999931335449, 0.9546999931335449, 0.9546999931335449, 0.9546999931335449, 0.9546999931335449, 0.9546999931335449, 0.9546999931335449, 0.9546999931335449, 0.9546999931335449, 0.9546999931335449, 0.9546999931335449, 0.9546999931335449, 0.9546999931335449, 0.9546999931335449, 0.9546999931335449, 0.9546999931335449, 0.9546999931335449, 0.9546999931335449, 0.9546999931335449, 0.9546999931335449, 0.9546999931335449, 0.9546999931335449],