{"acc": [0.9073833227157593, 0.9539499878883362, 0.9661499857902527, 0.9724833369255066, 0.9766833186149597, 0.9793000221252441, 0.9816166758537292, 0.9840166568756104, 0.9843833446502686, 0.9865166544914246, 0.9872499704360962, 0.9883999824523926, 0.9883999824523926, 0.9900000095367432, 0.9892666935920715, 0.9900333285331726, 0.9908999800682068, 0.9902833104133606, 0.9909833073616028, 0.9918333292007446, 0.9925000071525574, 0.9939666390419006, 0.9955000281333923, 0.9965000152587891, 0.9969333410263062, 0.9976500272750854, 0.9982333183288574, 0.9982166886329651, 0.9989166855812073, 0.9993000030517578, 0.9995499849319458, 0.9995999932289124, 0.9996333122253418, 0.9999333620071411, 0.9996500015258789, 0.9998666644096375, 0.9998833537101746, 0.9999499917030334, 1.0, 0.9999333620071411, 1.0, 1.0, 1.0, 1.0, 0.9999833106994629, 1.0, 0.9999833106994629, 0.9999833106994629, 0.9999833106994629, 1.0, 0.9999833106994629, 1.0, 1.0, 1.0, 0.9999833106994629, 1.0, 1.0, 1.0, 1.0, 1.0, 1.0, 1.0, 1.0, 1.0, 1.0, 1.0, 1.0, 1.0, 1.0, 1.0, 1.0, 1.0, 1.0, 1.0, 1.0, 1.0, 1.0, 1.0, 1.0, 1.0, 1.0, 1.0, 1.0, 1.0, 1.0, 1.0, 1.0, 1.0, 1.0, 1.0, 1.0, 1.0, 1.0, 1.0, 1.0, 1.0, 1.0, 1.0, 1.0, 1.0], "loss": [0.30968472361564636, 0.16034185886383057, 0.11621532589197159, 0.0932893306016922, 0.07741915434598923, 0.06969893723726273, 0.05941959470510483, 0.051663462072610855, 0.04995570704340935, 0.04375290498137474, 0.04049336165189743, 0.035584524273872375, 0.0365549772977829, 0.03164796903729439, 0.03372791409492493, 0.03154028207063675, 0.029628710821270943, 0.031166309490799904, 0.025915130972862244, 0.024628635495901108, 0.02484206110239029, 0.018839316442608833, 0.013495223596692085, 0.01080953236669302, 0.009762815199792385, 0.0073569598607718945, 0.0054249935783445835, 0.005523767787963152, 0.003573731053620577, 0.0026309264358133078, 0.0018147724913433194, 0.0016840046737343073, 0.001197485951706767, 0.0004981220117770135, 0.0011942189885303378, 0.00050297164125368, 0.0004210846673231572, 0.00023925784626044333, 0.00013903473154641688, 0.0002463718119543046, 0.00013526568363886327, 6.472584937000647e-05, 7.317657582461834e-05, 5.981512367725372e-05, 6.408582703443244e-05, 4.626532972906716e-05, 6.376756937243044e-05, 5.7437573559582233e-05, 4.395680662128143e-05, 3.944897616747767e-05, 6.505634519271553e-05, 3.0922787118470296e-05, 2.514596599212382e-05, 2.7608501113718376e-05, 3.38935133186169e-05, 2.1186911908444017e-05, 2.2694046492688358e-05, 1.7406455299351364e-05, 1.5656296454835683e-05, 1.565449383633677e-05, 2.0012059394503012e-05, 1.3659523574460763e-05, 1.6591822713962756e-05, 2.492040948709473e-05, 1.5506200725212693e-05, 2.0552388377836905e-05, 9.078669791051652e-06, 1.9772083760472015e-05, 1.4517737326968927e-05, 1.6920175767154433e-05, 2.3253764084074646e-05, 1.1376239854143932e-05, 1.079944286175305e-05, 1.4746928172826301e-05, 9.483987923886161e-06, 1.3124223187332973e-05, 1.0650348485796712e-05, 1.2904290088044945e-05, 1.7287473383476026e-05, 9.398024303663988e-06, 1.0015411135100294e-05, 1.1115133929706644e-05, 1.1645335689536296e-05, 2.0049643353559077e-05, 1.1356335562595632e-05, 1.254721519217128e-05, 1.029949271469377e-05, 9.557253179082181e-06, 6.141376161394874e-06, 1.2152922863606364e-05, 8.662173968332354e-06, 8.376486221095547e-06, 9.09414575289702e-06, 1.436514958186308e-05, 1.1522382919793017e-05, 8.037686711759306e-06, 8.922895176510792e-06, 1.3431221304927021e-05, 1.2888999663118739e-05, 1.1246227586525492e-05], "val_acc": [0.9521999955177307, 0.9613000154495239, 0.9670000076293945, 0.9702000021934509, 0.9682000279426575, 0.9708999991416931, 0.9732000231742859, 0.97079998254776, 0.9743000268936157, 0.9764999747276306, 0.9776999950408936, 0.9739999771118164, 0.9783999919891357, 0.9747999906539917, 0.9753999710083008, 0.9746999740600586, 0.9765999913215637, 0.9758999943733215, 0.9746000170707703, 0.9775999784469604, 0.9782999753952026, 0.979200005531311, 0.9797999858856201, 0.9800999760627747, 0.9814000129699707, 0.9812999963760376, 0.9817000031471252, 0.9815999865531921, 0.9807000160217285, 0.9812999963760376, 0.9822999835014343, 0.9833999872207642, 0.9824000000953674, 0.9818999767303467, 0.9821000099182129, 0.9825000166893005, 0.9829000234603882, 0.9833999872207642, 0.9829999804496765, 0.9835000038146973, 0.9835000038146973, 0.9839000105857849, 0.983299970626831, 0.9832000136375427, 0.9835000038146973, 0.9830999970436096, 0.9836000204086304, 0.9836999773979187, 0.9836000204086304, 0.9840999841690063, 0.9837999939918518, 0.9839000105857849, 0.9839000105857849, 0.9836000204086304, 0.9840999841690063, 0.984000027179718, 0.9840999841690063, 0.9843000173568726, 0.9837999939918518, 0.9840999841690063, 0.9842000007629395, 0.9843999743461609, 0.9843000173568726, 0.9843000173568726, 0.9842000007629395, 0.9843999743461609, 0.9843000173568726, 0.9843000173568726, 0.984499990940094, 0.9842000007629395, 0.9843000173568726, 0.9846000075340271, 0.9843999743461609, 0.984499990940094, 0.984499990940094, 0.9846000075340271, 0.9846000075340271, 0.9843999743461609, 0.984499990940094, 0.984499990940094, 0.984499990940094, 0.9843999743461609, 0.9843999743461609, 0.9843999743461609, 0.9843000173568726, 0.9843000173568726, 0.9843000173568726, 0.9842000007629395, 0.9842000007629395, 0.9843000173568726, 0.9843000173568726, 0.9843000173568726, 0.9843000173568726, 0.9843000173568726, 0.9843000173568726, 0.9843000173568726, 0.9843000173568726, 0.9843000173568726, 0.9843000173568726, 0.9843000173568726], "val_loss": [0.15743446350097656, 0.12776239216327667, 0.11187055706977844, 0.1022866740822792, 0.1129930168390274, 0.09965317696332932, 0.09520013630390167, 0.10750371217727661, 0.09151764214038849, 0.08831936120986938, 0.0871807262301445, 0.09518387913703918, 0.08403687924146652, 0.09705402702093124, 0.10317834466695786, 0.10226168483495712, 0.09197516739368439, 0.09835058450698853, 0.1096019521355629, 0.09693756699562073, 0.10039042681455612, 0.0921022817492485, 0.08925946056842804, 0.10042611509561539, 0.09204280376434326, 0.09601198881864548, 0.09654683619737625, 0.09105050563812256, 0.10145804286003113, 0.10289012640714645, 0.10724976658821106, 0.10413389652967453, 0.10054214298725128, 0.10748302191495895, 0.10875868052244186, 0.11057443916797638, 0.11146009713411331, 0.11051583290100098, 0.11250565201044083, 0.1134878396987915, 0.11586684733629227, 0.11831619590520859, 0.11744064837694168, 0.12075738608837128, 0.12018503248691559, 0.12291093915700912, 0.12394081801176071, 0.12048861384391785, 0.12371615320444107, 0.12522141635417938, 0.12425573915243149, 0.12385405600070953, 0.12565505504608154, 0.12636572122573853, 0.12637752294540405, 0.1254900097846985, 0.12677687406539917, 0.1275516301393509, 0.1286516934633255, 0.12888184189796448, 0.1286197006702423, 0.12879155576229095, 0.12880448997020721, 0.1283571571111679, 0.12889215350151062, 0.12849006056785583, 0.12864349782466888, 0.12805385887622833, 0.12826423346996307, 0.1284898817539215, 0.12848494946956635, 0.1289038509130478, 0.12936072051525116, 0.12926222383975983, 0.1291871815919876, 0.12938788533210754, 0.1296253502368927, 0.1300901621580124, 0.12990498542785645, 0.12991034984588623, 0.12964507937431335, 0.1297260969877243, 0.12976917624473572, 0.12974844872951508, 0.12980593740940094, 0.1298753321170807, 0.12978412210941315, 0.12975192070007324, 0.12978340685367584, 0.12977485358715057, 0.12974147498607635, 0.12975966930389404, 0.12976908683776855, 0.12980706989765167, 0.12979671359062195, 0.12977442145347595, 0.12977859377861023, 0.12976235151290894, 0.1297333985567093, 0.129730224609375],