{"acc": [0.9066666960716248, 0.9531166553497314, 0.9649333357810974, 0.9718833565711975, 0.9764500260353088, 0.9801166653633118, 0.9818833470344543, 0.9842166900634766, 0.9851333498954773, 0.9864500164985657, 0.9876833558082581, 0.9880333542823792, 0.9890499711036682, 0.9886333346366882, 0.9896000027656555, 0.9909666776657104, 0.9911333322525024, 0.9912166595458984, 0.9922666549682617, 0.9912999868392944, 0.9925000071525574, 0.9943000078201294, 0.9950833320617676, 0.9960166811943054, 0.9974166750907898, 0.9980666637420654, 0.9981333613395691, 0.9987666606903076, 0.9985166788101196, 0.9991833567619324, 0.9994000196456909, 0.999666690826416, 0.9995999932289124, 0.9997333288192749, 0.9998833537101746, 0.9999499917030334, 0.9999333620071411, 0.999916672706604, 0.9999499917030334, 1.0, 0.9999333620071411, 0.9999833106994629, 0.9999833106994629, 1.0, 1.0, 1.0, 1.0, 1.0, 1.0, 1.0, 1.0, 0.9999833106994629, 1.0, 1.0, 1.0, 0.9999833106994629, 1.0, 1.0, 1.0, 0.9999833106994629, 1.0, 1.0, 1.0, 1.0, 1.0, 1.0, 1.0, 1.0, 0.9999833106994629, 1.0, 1.0, 1.0, 1.0, 1.0, 1.0, 1.0, 1.0, 1.0, 1.0, 0.9999833106994629, 1.0, 1.0, 1.0, 1.0, 1.0, 1.0, 1.0, 0.9999833106994629, 1.0, 1.0, 0.9999833106994629, 1.0, 1.0, 1.0, 1.0, 1.0, 1.0, 1.0, 1.0, 1.0], "loss": [0.3109213411808014, 0.15921036899089813, 0.12047870457172394, 0.0951538011431694, 0.07798412442207336, 0.0668036937713623, 0.06016680598258972, 0.05155060812830925, 0.047123827040195465, 0.04399682953953743, 0.03979872167110443, 0.03788707032799721, 0.03364492580294609, 0.03604726865887642, 0.032011255621910095, 0.026893576607108116, 0.02866089530289173, 0.02777942828834057, 0.024190522730350494, 0.0284510999917984, 0.023187167942523956, 0.017879536375403404, 0.015452547930181026, 0.01174559909850359, 0.00814263615757227, 0.0063642174936831, 0.006524466443806887, 0.004219877067953348, 0.004736024886369705, 0.0027678043115884066, 0.0017767989775165915, 0.0010805393103510141, 0.0013379474403336644, 0.0009259903454221785, 0.0005454874481074512, 0.00035066978307440877, 0.00023852480808272958, 0.00034747779136523604, 0.00025703010032884777, 0.00013150638551451266, 0.0002177114802179858, 0.00013113000022713095, 0.00010789729276439175, 6.661508814431727e-05, 4.4779306335840374e-05, 5.8915797126246616e-05, 3.8735692214686424e-05, 4.796698340214789e-05, 4.2023872083518654e-05, 3.716405626619235e-05, 3.458450373727828e-05, 5.4089221521280706e-05, 3.581519194995053e-05, 2.1675436073564924e-05, 2.1251096768537536e-05, 3.253225077060051e-05, 1.9430659449426457e-05, 2.4952259991550818e-05, 2.0925128410453908e-05, 3.778043537749909e-05, 2.8349151762085967e-05, 1.2079965927114245e-05, 1.1255662684561685e-05, 1.1257898222538643e-05, 1.1438090041338e-05, 2.4122606191667728e-05, 2.477354973962065e-05, 1.3745489923167042e-05, 2.613622746139299e-05, 1.142093060479965e-05, 1.1754713341360912e-05, 1.1123417607450392e-05, 1.312200583925005e-05, 1.4635917978012003e-05, 1.6380336091970094e-05, 1.2021296242892276e-05, 1.0817101610882673e-05, 1.2948971743753646e-05, 1.14043859866797e-05, 2.3742046323604882e-05, 8.02913655206794e-06, 1.062904811988119e-05, 1.632040221011266e-05, 1.4759252735530026e-05, 9.892360139929224e-06, 1.5983903722371906e-05, 9.637435141485184e-06, 3.524797648424283e-05, 7.759015716146678e-06, 1.1501554581627715e-05, 2.612352000141982e-05, 8.583823728258722e-06, 8.183756108337548e-06, 8.822864401736297e-06, 9.865393622021656e-06, 9.070314263226464e-06, 9.505551133770496e-06, 9.820912964642048e-06, 9.606178537069354e-06, 1.0442430721013807e-05], "val_acc": [0.9570000171661377, 0.9674999713897705, 0.9722999930381775, 0.9736999869346619, 0.9711999893188477, 0.9697999954223633, 0.9742000102996826, 0.9725000262260437, 0.9757000207901001, 0.9728000164031982, 0.9775999784469604, 0.9764000177383423, 0.9800000190734863, 0.9767000079154968, 0.9767000079154968, 0.9721999764442444, 0.9758999943733215, 0.9739999771118164, 0.9757000207901001, 0.9757000207901001, 0.9771999716758728, 0.977400004863739, 0.9797999858856201, 0.9811999797821045, 0.9797000288963318, 0.9810000061988831, 0.9807999730110168, 0.9796000123023987, 0.9807000160217285, 0.9815000295639038, 0.9815000295639038, 0.9800999760627747, 0.9811000227928162, 0.9815000295639038, 0.9815000295639038, 0.9817000031471252, 0.9811000227928162, 0.9815000295639038, 0.9818000197410583, 0.982200026512146, 0.9821000099182129, 0.9811000227928162, 0.9815999865531921, 0.9818000197410583, 0.9818000197410583, 0.9815999865531921, 0.9824000000953674, 0.9824000000953674, 0.9828000068664551, 0.9821000099182129, 0.9824000000953674, 0.9825000166893005, 0.9824000000953674, 0.9825999736785889, 0.9825999736785889, 0.9824000000953674, 0.982200026512146, 0.9822999835014343, 0.9818999767303467, 0.9818000197410583, 0.9818999767303467, 0.982200026512146, 0.9818000197410583, 0.9822999835014343, 0.9822999835014343, 0.9822999835014343, 0.982200026512146, 0.9824000000953674, 0.9824000000953674, 0.9825000166893005, 0.9825000166893005, 0.9825000166893005, 0.9824000000953674, 0.9821000099182129, 0.982200026512146, 0.9821000099182129, 0.9821000099182129, 0.9824000000953674, 0.9824000000953674, 0.9822999835014343, 0.9824000000953674, 0.9822999835014343, 0.9825000166893005, 0.9825000166893005, 0.9824000000953674, 0.9822999835014343, 0.9824000000953674, 0.9822999835014343, 0.9822999835014343, 0.9824000000953674, 0.9824000000953674, 0.9824000000953674, 0.9822999835014343, 0.9822999835014343, 0.9822999835014343, 0.9822999835014343, 0.9822999835014343, 0.9822999835014343, 0.9822999835014343, 0.9822999835014343], "val_loss": [0.141616553068161, 0.1056419312953949, 0.09704345464706421, 0.084564208984375, 0.09996014833450317, 0.10503455996513367, 0.09561806917190552, 0.10460685938596725, 0.09622126817703247, 0.09726636111736298, 0.08661539107561111, 0.09284205734729767, 0.0841667577624321, 0.09937290102243423, 0.10037878155708313, 0.1112988144159317, 0.10035347938537598, 0.10395556688308716, 0.11036661267280579, 0.10162711888551712, 0.10194918513298035, 0.09833679348230362, 0.09071031957864761, 0.09331145882606506, 0.09714807569980621, 0.09737026691436768, 0.09772280603647232, 0.09986897557973862, 0.10472244024276733, 0.10654103755950928, 0.10363846272230148, 0.11232472956180573, 0.1061604768037796, 0.10616087913513184, 0.11275328695774078, 0.11319787800312042, 0.11234254390001297, 0.11827263236045837, 0.11732056736946106, 0.11769239604473114, 0.1145126223564148, 0.12227004766464233, 0.12098702043294907, 0.11991926282644272, 0.12179785221815109, 0.12289604544639587, 0.12174741178750992, 0.12353209406137466, 0.12661588191986084, 0.1245647445321083, 0.12526974081993103, 0.1273478865623474, 0.12532924115657806, 0.12681002914905548, 0.12706279754638672, 0.12845085561275482, 0.12931986153125763, 0.13074159622192383, 0.13146692514419556, 0.1313672661781311, 0.1317766010761261, 0.1320384293794632, 0.13158845901489258, 0.13156791031360626, 0.13158422708511353, 0.13178645074367523, 0.13202519714832306, 0.132303386926651, 0.13232454657554626, 0.1322840303182602, 0.1320868730545044, 0.1321239173412323, 0.1324453204870224, 0.1322941929101944, 0.13241718709468842, 0.13258425891399384, 0.13244681060314178, 0.13243524730205536, 0.13265222311019897, 0.1327463686466217, 0.13284480571746826, 0.13299660384655, 0.132968008518219, 0.13289842009544373, 0.13301900029182434, 0.13302291929721832, 0.1330459862947464, 0.13309232890605927, 0.1330806463956833, 0.13308267295360565, 0.13305938243865967, 0.13311690092086792, 0.13311885297298431, 0.13313397765159607, 0.13310371339321136, 0.13313132524490356, 0.13312265276908875, 0.13312742114067078, 0.1331239938735962, 0.13312938809394836],