{"acc": [0.9985666871070862, 0.9974333047866821, 0.9982666373252869, 0.9978833198547363, 0.9980999827384949, 0.9979833364486694, 0.9976500272750854, 0.9981499910354614, 0.9978166818618774, 0.9985166788101196, 0.9981833100318909, 0.9984166622161865, 0.9986666440963745, 0.9977499842643738, 0.9983500242233276, 0.9979166388511658, 0.9980499744415283, 0.9980166554450989, 0.9977499842643738, 0.9980666637420654, 0.9980499744415283, 0.9983333349227905, 0.9986166954040527, 0.9981499910354614, 0.9980833530426025, 0.9983333349227905, 0.9985499978065491, 0.998116672039032, 0.9983833432197571, 0.998033344745636, 0.9987999796867371, 0.9981333613395691, 0.998033344745636, 0.9981666803359985, 0.9983333349227905, 0.9985666871070862, 0.9981499910354614, 0.9984999895095825, 0.9986833333969116, 0.9980999827384949, 0.9986500144004822, 0.9982500076293945, 0.9982666373252869, 0.9985499978065491, 0.9988333582878113, 0.9983166456222534, 0.9985833168029785, 0.9987499713897705, 0.9983999729156494, 0.9986000061035156, 0.9988333582878113, 0.9986166954040527, 0.998449981212616, 0.998533308506012, 0.9980666637420654, 0.9982666373252869, 0.9987000226974487, 0.9986000061035156, 0.9986000061035156, 0.9983000159263611, 0.99836665391922, 0.9982666373252869, 0.9988666772842407, 0.9987000226974487, 0.9987333416938782, 0.9988166689872742, 0.9983833432197571, 0.9989500045776367, 0.9987166523933411, 0.9985666871070862, 0.9983999729156494, 0.9985666871070862, 0.9986333250999451, 0.9990000128746033, 0.9986166954040527, 0.9988333582878113, 0.9988499879837036, 0.9986333250999451, 0.9986166954040527, 0.9988166689872742, 0.9989166855812073, 0.9988666772842407, 0.9990166425704956, 0.9989333152770996, 0.9986833333969116, 0.9984333515167236, 0.9990000128746033, 0.9987166523933411, 0.9983833432197571, 0.9988166689872742, 0.9990166425704956, 0.9985499978065491, 0.9987833499908447, 0.9987333416938782, 0.9989500045776367, 0.9985833168029785, 0.9991000294685364, 0.9987333416938782, 0.9993333220481873, 0.9988333582878113], "loss": [0.006706771906465292, 0.011531180702149868, 0.007037241477519274, 0.008706837892532349, 0.010684455744922161, 0.01183041650801897, 0.00912582315504551, 0.008387932553887367, 0.01004300732165575, 0.008065400645136833, 0.009222185239195824, 0.007118931971490383, 0.0068229492753744125, 0.01093173399567604, 0.007387366145849228, 0.009282647632062435, 0.009499665349721909, 0.009247901849448681, 0.010510224848985672, 0.010203802026808262, 0.00962350144982338, 0.00662193400785327, 0.0068695736117661, 0.008594620041549206, 0.009834540076553822, 0.008303927257657051, 0.006696301978081465, 0.008980290964245796, 0.008680762723088264, 0.010480476543307304, 0.00500926747918129, 0.008783833123743534, 0.00924669113010168, 0.008784865960478783, 0.00783585850149393, 0.007266046479344368, 0.010940780863165855, 0.007333108689635992, 0.00703875906765461, 0.009759720414876938, 0.007574427407234907, 0.01043152529746294, 0.009347972460091114, 0.006618938408792019, 0.004581936169415712, 0.010459549725055695, 0.0070474050007760525, 0.006322268396615982, 0.007910546846687794, 0.006818174850195646, 0.007229147478938103, 0.007470407523214817, 0.007864919491112232, 0.00768845621496439, 0.010565344244241714, 0.009766797535121441, 0.007779759354889393, 0.007366871926933527, 0.00925601925700903, 0.008942004293203354, 0.00816017109900713, 0.009882070124149323, 0.0063775815069675446, 0.007002471946179867, 0.006365301087498665, 0.007033900823444128, 0.010064451955258846, 0.004696579184383154, 0.007366134785115719, 0.008399905636906624, 0.010514144785702229, 0.008603312075138092, 0.008161792531609535, 0.0060703204944729805, 0.009500138461589813, 0.0052336035296320915, 0.007006499916315079, 0.006953245960175991, 0.0076924641616642475, 0.007876011542975903, 0.0066439490765333176, 0.006742282770574093, 0.0052549587562680244, 0.008015632629394531, 0.009999115020036697, 0.008670760318636894, 0.006151264533400536, 0.007855375297367573, 0.00888883601874113, 0.007209574803709984, 0.006544943433254957, 0.008831947110593319, 0.00803246907889843, 0.0055437698028981686, 0.006700706668198109, 0.008168216794729233, 0.004512907937169075, 0.008011927828192711, 0.003652588464319706, 0.01136749517172575], "val_acc": [0.9818000197410583, 0.982699990272522, 0.9837999939918518, 0.9814000129699707, 0.9811000227928162, 0.9836000204086304, 0.9829000234603882, 0.983299970626831, 0.9825999736785889, 0.9825999736785889, 0.9835000038146973, 0.9837999939918518, 0.982699990272522, 0.984000027179718, 0.9819999933242798, 0.9824000000953674, 0.9839000105857849, 0.9815999865531921, 0.9824000000953674, 0.9829999804496765, 0.9811999797821045, 0.984000027179718, 0.9822999835014343, 0.9830999970436096, 0.9822999835014343, 0.9812999963760376, 0.9829000234603882, 0.9839000105857849, 0.9818000197410583, 0.9825999736785889, 0.9819999933242798, 0.9839000105857849, 0.9829000234603882, 0.9833999872207642, 0.9836999773979187, 0.982699990272522, 0.9817000031471252, 0.9825999736785889, 0.982699990272522, 0.982699990272522, 0.9850000143051147, 0.984000027179718, 0.9817000031471252, 0.984000027179718, 0.9854999780654907, 0.9840999841690063, 0.9822999835014343, 0.9828000068664551, 0.9829000234603882, 0.9837999939918518, 0.9832000136375427, 0.9836999773979187, 0.9833999872207642, 0.9835000038146973, 0.9850000143051147, 0.9847999811172485, 0.9833999872207642, 0.9818000197410583, 0.9843999743461609, 0.982200026512146, 0.983299970626831, 0.9815000295639038, 0.9825000166893005, 0.9830999970436096, 0.9822999835014343, 0.9815999865531921, 0.982699990272522, 0.9840999841690063, 0.982200026512146, 0.9835000038146973, 0.9825000166893005, 0.9824000000953674, 0.9825000166893005, 0.984499990940094, 0.9836999773979187, 0.9842000007629395, 0.9818000197410583, 0.9830999970436096, 0.9825000166893005, 0.9846000075340271, 0.9843999743461609, 0.982699990272522, 0.9842000007629395, 0.9824000000953674, 0.982699990272522, 0.9833999872207642, 0.9829999804496765, 0.9828000068664551, 0.9848999977111816, 0.9837999939918518, 0.9817000031471252, 0.9815999865531921, 0.9828000068664551, 0.9843000173568726, 0.9836000204086304, 0.9835000038146973, 0.9836000204086304, 0.9825999736785889, 0.9833999872207642, 0.9817000031471252],