{"acc": [0.14603333175182343, 0.3025999963283539, 0.31306666135787964, 0.342849999666214, 0.39428332448005676, 0.4263666570186615, 0.49471667408943176, 0.574833333492279, 0.6258500218391418, 0.6878499984741211, 0.7367833256721497, 0.7592333555221558, 0.7817500233650208, 0.8365166783332825, 0.8569833040237427, 0.8620333075523376, 0.8694166541099548, 0.8761166930198669, 0.8843166828155518, 0.8962833285331726, 0.9130333065986633, 0.9341333508491516, 0.9481666684150696, 0.9529666900634766, 0.9564833045005798, 0.9593833088874817, 0.9615499973297119, 0.963450014591217, 0.9646833539009094, 0.965749979019165, 0.9664833545684814, 0.9682166576385498, 0.969083309173584, 0.9689833521842957, 0.9691833257675171, 0.9704166650772095, 0.97079998254776, 0.9711666703224182, 0.9721166491508484, 0.9723833203315735, 0.9722499847412109, 0.9724666476249695, 0.9739333391189575, 0.9729333519935608, 0.9731833338737488, 0.9739500284194946, 0.9742333292961121, 0.9736666679382324, 0.9739166498184204, 0.9740666747093201, 0.9740999937057495, 0.9745333194732666, 0.9746166467666626, 0.9746666550636292, 0.9745833277702332, 0.9746000170707703, 0.9748499989509583, 0.9747166633605957, 0.9746000170707703, 0.9756166934967041, 0.9749333262443542, 0.9747166633605957, 0.9752833247184753, 0.9753333330154419, 0.975266695022583, 0.9745833277702332, 0.9747666716575623, 0.9753000140190125, 0.9754166603088379, 0.9755666851997375, 0.9751999974250793, 0.9752500057220459, 0.9748499989509583, 0.9747499823570251, 0.9753833413124084, 0.9750000238418579, 0.9755499958992004, 0.9750833511352539, 0.9748499989509583, 0.9757333397865295, 0.9750333428382874, 0.9758333563804626, 0.9753833413124084, 0.9749666452407837, 0.9757833480834961, 0.9756333231925964, 0.975766658782959, 0.975683331489563, 0.9754499793052673, 0.9756500124931335, 0.9758666753768921, 0.9749500155448914, 0.9752333164215088, 0.9758999943733215, 0.9752833247184753, 0.975600004196167, 0.9758166670799255, 0.9755666851997375, 0.9754499793052673, 0.9757333397865295], "loss": [2.2533862590789795, 1.6160234212875366, 1.490129828453064, 1.428263545036316, 1.3476814031600952, 1.23434579372406, 1.151890516281128, 1.0176289081573486, 0.9200490117073059, 0.8243065476417542, 0.7303130030632019, 0.6556006669998169, 0.6052936315536499, 0.5075648427009583, 0.4350786507129669, 0.4001224637031555, 0.37908264994621277, 0.35844892263412476, 0.3449745774269104, 0.3276900053024292, 0.30847832560539246, 0.2789836823940277, 0.2448563575744629, 0.22748085856437683, 0.2133309245109558, 0.2010650783777237, 0.19378989934921265, 0.18436600267887115, 0.18094965815544128, 0.17198941111564636, 0.16844967007637024, 0.1628786325454712, 0.1612747460603714, 0.15819118916988373, 0.15572549402713776, 0.15039373934268951, 0.14851637184619904, 0.1473419964313507, 0.14778360724449158, 0.14319853484630585, 0.1429453343153, 0.14241524040699005, 0.13871458172798157, 0.1394771933555603, 0.1391814798116684, 0.13698819279670715, 0.13764210045337677, 0.1367458999156952, 0.13679638504981995, 0.13473977148532867, 0.1338268518447876, 0.13429664075374603, 0.13222283124923706, 0.13415652513504028, 0.13342654705047607, 0.13442462682724, 0.13241398334503174, 0.13276860117912292, 0.1335199475288391, 0.13099393248558044, 0.13245908915996552, 0.13261255621910095, 0.13235804438591003, 0.1310804933309555, 0.13077184557914734, 0.13254554569721222, 0.13169115781784058, 0.13210470974445343, 0.1320156455039978, 0.13210391998291016, 0.1303030401468277, 0.1294320523738861, 0.13053220510482788, 0.13092577457427979, 0.1301303505897522, 0.13087749481201172, 0.1284981369972229, 0.13079530000686646, 0.13037441670894623, 0.1289629191160202, 0.13031530380249023, 0.12849979102611542, 0.1309431493282318, 0.13088630139827728, 0.13014227151870728, 0.13112057745456696, 0.12952327728271484, 0.13056902587413788, 0.12954574823379517, 0.12922023236751556, 0.1306953877210617, 0.1303551197052002, 0.12929731607437134, 0.1291833221912384, 0.13039761781692505, 0.12981829047203064, 0.1301897019147873, 0.13054446876049042, 0.12967102229595184, 0.13111554086208344], "val_acc": [0.30239999294281006, 0.3046000003814697, 0.32179999351501465, 0.3977000117301941, 0.42910000681877136, 0.4620000123977661, 0.5753999948501587, 0.6212999820709229, 0.6728000044822693, 0.730400025844574, 0.7603999972343445, 0.7700999975204468, 0.8026000261306763, 0.8482999801635742, 0.8519999980926514, 0.8533999919891357, 0.8615000247955322, 0.8669999837875366, 0.8772000074386597, 0.8837000131607056, 0.9247999787330627, 0.9387000203132629, 0.9448000192642212, 0.9455999732017517, 0.945900022983551, 0.9478999972343445, 0.949999988079071, 0.9509000182151794, 0.9520999789237976, 0.9535999894142151, 0.9528999924659729, 0.9541000127792358, 0.9549000263214111, 0.9537000060081482, 0.9555000066757202, 0.9553999900817871, 0.9559000134468079, 0.9553999900817871, 0.9556000232696533, 0.9552000164985657, 0.9549999833106995, 0.9542999863624573, 0.954800009727478, 0.9549000263214111, 0.954200029373169, 0.9549000263214111, 0.9546999931335449, 0.9546999931335449, 0.954200029373169, 0.9541000127792358, 0.954200029373169, 0.9549999833106995, 0.955299973487854, 0.9542999863624573, 0.954800009727478, 0.9550999999046326, 0.9555000066757202, 0.9555000066757202, 0.954800009727478, 0.9552000164985657, 0.955299973487854, 0.9550999999046326, 0.9552000164985657, 0.9555000066757202, 0.9550999999046326, 0.9553999900817871, 0.9555000066757202, 0.9559000134468079, 0.9559000134468079, 0.9559000134468079, 0.9559000134468079, 0.9556999802589417, 0.9557999968528748, 0.9559000134468079, 0.9556999802589417, 0.9556999802589417, 0.9556000232696533, 0.9556999802589417, 0.9556999802589417, 0.9556999802589417, 0.9557999968528748, 0.9559000134468079, 0.9559000134468079, 0.9559000134468079, 0.9559000134468079, 0.9559000134468079, 0.9557999968528748, 0.9557999968528748, 0.9559000134468079, 0.9557999968528748, 0.9557999968528748, 0.9557999968528748, 0.9557999968528748, 0.9557999968528748, 0.9557999968528748, 0.9557999968528748, 0.9557999968528748, 0.9557999968528748, 0.9557999968528748, 0.9557999968528748],