{"acc": [0.0995333343744278, 0.10393333435058594, 0.10346666723489761, 0.10536666959524155, 0.10518333315849304, 0.10631666332483292, 0.10528333485126495, 0.1075500026345253, 0.11140000075101852, 0.10930000245571136, 0.10918333381414413, 0.10976666957139969, 0.11140000075101852, 0.11140000075101852, 0.11161666363477707, 0.11118333041667938, 0.11251666396856308, 0.11288333684206009, 0.11145000159740448, 0.1109333336353302, 0.11195000261068344, 0.11209999769926071, 0.1120833307504654, 0.1120833307504654, 0.11263333261013031, 0.11156667023897171, 0.11176666617393494, 0.11246666312217712, 0.11211666464805603, 0.11209999769926071, 0.11221666634082794, 0.11223333328962326, 0.1117333322763443, 0.11266666650772095, 0.11216666549444199, 0.11225000023841858, 0.11193333566188812, 0.11270000040531158, 0.11241666972637177, 0.11140000075101852, 0.1119166687130928, 0.1121833324432373, 0.11203332990407944, 0.11166666448116302, 0.11228333413600922, 0.11186666786670685, 0.11186666786670685, 0.11241666972637177, 0.11236666887998581, 0.11171666532754898, 0.11174999922513962, 0.11201666295528412, 0.11206666380167007, 0.11240000277757645, 0.11223333328962326, 0.11203332990407944, 0.11213333159685135, 0.11193333566188812, 0.11270000040531158, 0.1120833307504654, 0.11288333684206009, 0.11240000277757645, 0.1122666671872139, 0.1122666671872139, 0.11258333176374435, 0.11223333328962326, 0.11201666295528412, 0.11248333007097244, 0.11291666328907013, 0.1121833324432373, 0.11249999701976776, 0.11243333667516708, 0.11228333413600922, 0.11248333007097244, 0.1120000034570694, 0.11235000193119049, 0.11233333498239517, 0.11169999837875366, 0.11261666566133499, 0.11241666972637177, 0.11223333328962326, 0.11259999871253967, 0.11203332990407944, 0.11214999854564667, 0.1122666671872139, 0.11186666786670685, 0.11236666887998581, 0.11204999685287476, 0.113066665828228, 0.11230000108480453, 0.11216666549444199, 0.11203332990407944, 0.11259999871253967, 0.11186666786670685, 0.11283333599567413, 0.11178333312273026, 0.11213333159685135, 0.11249999701976776, 0.11131666600704193, 0.1117333322763443], "loss": [2.302732229232788, 2.3024656772613525, 2.30224871635437, 2.3022210597991943, 2.3021676540374756, 2.3019936084747314, 2.3019700050354004, 2.302053213119507, 2.301788806915283, 2.3017821311950684, 2.3018221855163574, 2.301804780960083, 2.3017523288726807, 2.3017163276672363, 2.301760673522949, 2.301694869995117, 2.301561117172241, 2.3015177249908447, 2.301619291305542, 2.3016021251678467, 2.3014869689941406, 2.3016128540039062, 2.3015480041503906, 2.301541566848755, 2.301635980606079, 2.3014638423919678, 2.3014557361602783, 2.301553726196289, 2.301520347595215, 2.3014729022979736, 2.3013570308685303, 2.3014638423919678, 2.3014867305755615, 2.30147385597229, 2.301453113555908, 2.3015735149383545, 2.3015196323394775, 2.301513910293579, 2.3015236854553223, 2.3013756275177, 2.301511764526367, 2.3014397621154785, 2.301414728164673, 2.3015296459198, 2.3015127182006836, 2.3015477657318115, 2.3015174865722656, 2.3014779090881348, 2.301407814025879, 2.3015213012695312, 2.3015358448028564, 2.3015034198760986, 2.3014004230499268, 2.3015596866607666, 2.301464557647705, 2.301528215408325, 2.3015825748443604, 2.3014307022094727, 2.301546096801758, 2.301435947418213, 2.301466941833496, 2.301400899887085, 2.301523447036743, 2.301466464996338, 2.3015313148498535, 2.301529884338379, 2.3013720512390137, 2.3015825748443604, 2.3015315532684326, 2.301506280899048, 2.301438093185425, 2.3015103340148926, 2.3015260696411133, 2.301572799682617, 2.301547050476074, 2.3015077114105225, 2.301485776901245, 2.301462411880493, 2.301405191421509, 2.3014039993286133, 2.301429271697998, 2.301422595977783, 2.30143141746521, 2.301642417907715, 2.3013904094696045, 2.3013904094696045, 2.3014907836914062, 2.301426887512207, 2.301506996154785, 2.301441192626953, 2.3015317916870117, 2.3014280796051025, 2.3015432357788086, 2.3015382289886475, 2.301482915878296, 2.3014745712280273, 2.301379919052124, 2.301426410675049, 2.3013858795166016, 2.3014259338378906], "val_acc": [0.10090000182390213, 0.10279999673366547, 0.10279999673366547, 0.10279999673366547, 0.10279999673366547, 0.11349999904632568, 0.11349999904632568, 0.11349999904632568, 0.11349999904632568, 0.11349999904632568, 0.11349999904632568, 0.11349999904632568, 0.11349999904632568, 0.11349999904632568, 0.11349999904632568, 0.11349999904632568, 0.11349999904632568, 0.11349999904632568, 0.11349999904632568, 0.11349999904632568, 0.11349999904632568, 0.11349999904632568, 0.11349999904632568, 0.11349999904632568, 0.11349999904632568, 0.11349999904632568, 0.11349999904632568, 0.11349999904632568, 0.11349999904632568, 0.11349999904632568, 0.11349999904632568, 0.11349999904632568, 0.11349999904632568, 0.11349999904632568, 0.11349999904632568, 0.11349999904632568, 0.11349999904632568, 0.11349999904632568, 0.11349999904632568, 0.11349999904632568, 0.11349999904632568, 0.11349999904632568, 0.11349999904632568, 0.11349999904632568, 0.11349999904632568, 0.11349999904632568, 0.11349999904632568, 0.11349999904632568, 0.11349999904632568, 0.11349999904632568, 0.11349999904632568, 0.11349999904632568, 0.11349999904632568, 0.11349999904632568, 0.11349999904632568, 0.11349999904632568, 0.11349999904632568, 0.11349999904632568, 0.11349999904632568, 0.11349999904632568, 0.11349999904632568, 0.11349999904632568, 0.11349999904632568, 0.11349999904632568, 0.11349999904632568, 0.11349999904632568, 0.11349999904632568, 0.11349999904632568, 0.11349999904632568, 0.11349999904632568, 0.11349999904632568, 0.11349999904632568, 0.11349999904632568, 0.11349999904632568, 0.11349999904632568, 0.11349999904632568, 0.11349999904632568, 0.11349999904632568, 0.11349999904632568, 0.11349999904632568, 0.11349999904632568, 0.11349999904632568, 0.11349999904632568, 0.11349999904632568, 0.11349999904632568, 0.11349999904632568, 0.11349999904632568, 0.11349999904632568, 0.11349999904632568, 0.11349999904632568, 0.11349999904632568, 0.11349999904632568, 0.11349999904632568, 0.11349999904632568, 0.11349999904632568, 0.11349999904632568, 0.11349999904632568, 0.11349999904632568, 0.11349999904632568, 0.11349999904632568],