{"acc": [0.9061499834060669, 0.955049991607666, 0.9654833078384399, 0.9722166657447815, 0.9769666790962219, 0.9807999730110168, 0.9819999933242798, 0.9853833317756653, 0.98621666431427, 0.9871000051498413, 0.9889500141143799, 0.9897833466529846, 0.9903500080108643, 0.991016685962677, 0.9913166761398315, 0.9915666580200195, 0.9919499754905701, 0.9925166964530945, 0.9931833148002625, 0.9931166768074036, 0.9952333569526672, 0.9957166910171509, 0.9962666630744934, 0.996916651725769, 0.9975166916847229, 0.997866690158844, 0.9984166622161865, 0.9983166456222534, 0.9988499879837036, 0.9990666508674622, 0.9992333054542542, 0.9994999766349792, 0.9995999932289124, 0.9995333552360535, 0.9996333122253418, 0.9998666644096375, 0.999833345413208, 0.9998666644096375, 0.9998666644096375, 0.9999666810035706, 1.0, 0.999916672706604, 1.0, 0.999916672706604, 0.9999833106994629, 0.999916672706604, 0.9999499917030334, 0.9999666810035706, 0.9999833106994629, 0.9999499917030334, 0.9999833106994629, 0.9999666810035706, 0.9999666810035706, 0.9999666810035706, 0.9999833106994629, 0.9999499917030334, 0.9999666810035706, 1.0, 0.9999833106994629, 0.9999833106994629, 0.9999666810035706, 1.0, 1.0, 0.9999833106994629, 0.9999666810035706, 1.0, 1.0, 1.0, 1.0, 0.9999666810035706, 0.9999833106994629, 0.9999833106994629, 1.0, 1.0, 1.0, 0.9999833106994629, 0.9999833106994629, 1.0, 1.0, 1.0, 0.9999666810035706, 0.9999833106994629, 0.9999833106994629, 1.0, 0.9999833106994629, 1.0, 1.0, 0.9999666810035706, 0.9999666810035706, 1.0, 1.0, 0.9999833106994629, 0.9999666810035706, 1.0, 1.0, 0.9999833106994629, 1.0, 1.0, 0.9999833106994629, 1.0], "loss": [0.31451889872550964, 0.1558566838502884, 0.11741892248392105, 0.09044846892356873, 0.07687559723854065, 0.0639231950044632, 0.059841230511665344, 0.04781249165534973, 0.04653870686888695, 0.0425630658864975, 0.03666611760854721, 0.03555475175380707, 0.03338761627674103, 0.0318685881793499, 0.029689351096749306, 0.030581947416067123, 0.02717740274965763, 0.02916458621621132, 0.02534068189561367, 0.02696136012673378, 0.01832912303507328, 0.016686448827385902, 0.015066917054355145, 0.011436130851507187, 0.008851956576108932, 0.007289909292012453, 0.005342196673154831, 0.005355776287615299, 0.0041615623049438, 0.0032620516140013933, 0.0024898748379200697, 0.002758134389296174, 0.0011991300852969289, 0.0016854278510436416, 0.0010275044478476048, 0.0003419322019908577, 0.0007544592954218388, 0.00042771187145262957, 0.00025190168526023626, 0.00016006248188205063, 3.0103916287771426e-05, 0.00018640367488842458, 5.893074194318615e-05, 0.00022580739459954202, 6.328884046524763e-05, 0.0001701876026345417, 0.00017805844254326075, 4.4923031964572147e-05, 0.00010854422725969926, 0.0001271560468012467, 3.008976455021184e-05, 5.689307727152482e-05, 6.893460522405803e-05, 7.162418478401378e-05, 7.57098532631062e-05, 0.00012081985187251121, 0.00012495806731749326, 2.297760329383891e-05, 5.021753167966381e-05, 3.166101669194177e-05, 5.005367347621359e-05, 8.467824045510497e-06, 8.914356840250548e-06, 3.060893504880369e-05, 0.00024030990607570857, 2.6549580070422962e-05, 2.4737762942095287e-05, 3.4852091630455106e-05, 1.0598748303891625e-05, 6.418880366254598e-05, 2.2433991034631617e-05, 0.00012889885692857206, 3.0084627724136226e-05, 2.144207428500522e-05, 1.3986336853122339e-05, 4.3431471567600965e-05, 3.179756095050834e-05, 8.347338734893128e-06, 1.7779824702301994e-05, 3.487303274596343e-06, 4.687362161348574e-05, 3.287236177129671e-05, 5.005646380595863e-05, 3.03255656035617e-05, 8.485852595185861e-05, 8.40705706650624e-06, 7.638030183443334e-06, 7.63152347644791e-05, 0.00021131493849679828, 2.3419983335770667e-05, 1.0965185538225342e-05, 1.7669983208179474e-05, 0.00032969441963359714, 1.5203123439277988e-05, 1.3328474778973032e-05, 0.00010840609320439398, 1.2013017112622038e-05, 1.676244028203655e-05, 2.277602288813796e-05, 1.7823063899413683e-05], "val_acc": [0.9567000269889832, 0.9643999934196472, 0.9686999917030334, 0.9688000082969666, 0.9753000140190125, 0.973800003528595, 0.9746999740600586, 0.9805999994277954, 0.9779000282287598, 0.9796000123023987, 0.9771000146865845, 0.9799000024795532, 0.9810000061988831, 0.9796000123023987, 0.9757000207901001, 0.98089998960495, 0.9804999828338623, 0.9789000153541565, 0.9807999730110168, 0.9814000129699707, 0.9801999926567078, 0.9818000197410583, 0.9836999773979187, 0.9832000136375427, 0.9811999797821045, 0.9832000136375427, 0.9836000204086304, 0.9821000099182129, 0.9835000038146973, 0.9850999712944031, 0.9850999712944031, 0.9850000143051147, 0.98580002784729, 0.9850999712944031, 0.9854000210762024, 0.9860000014305115, 0.9864000082015991, 0.9855999946594238, 0.9865000247955322, 0.9866999983787537, 0.986299991607666, 0.9854000210762024, 0.9854999780654907, 0.9861999750137329, 0.98580002784729, 0.9848999977111816, 0.9851999878883362, 0.986299991607666, 0.986299991607666, 0.9860000014305115, 0.9864000082015991, 0.9866999983787537, 0.9854999780654907, 0.98580002784729, 0.9860000014305115, 0.98580002784729, 0.9860000014305115, 0.9860000014305115, 0.986299991607666, 0.9861999750137329, 0.9860000014305115, 0.9861000180244446, 0.9860000014305115, 0.9861000180244446, 0.9865000247955322, 0.9865999817848206, 0.9861999750137329, 0.9861000180244446, 0.9861999750137329, 0.986299991607666, 0.986299991607666, 0.9861999750137329, 0.986299991607666, 0.9861999750137329, 0.9861000180244446, 0.9861999750137329, 0.9861000180244446, 0.9861000180244446, 0.986299991607666, 0.986299991607666, 0.9861999750137329, 0.9861999750137329, 0.986299991607666, 0.986299991607666, 0.9861000180244446, 0.9861000180244446, 0.9861000180244446, 0.9861000180244446, 0.9861000180244446, 0.9861000180244446, 0.9861000180244446, 0.9861999750137329, 0.9861999750137329, 0.9861999750137329, 0.9861999750137329, 0.9861000180244446, 0.9861000180244446, 0.9861000180244446, 0.9861000180244446, 0.9861000180244446], "val_loss": [0.14028635621070862, 0.1213105320930481, 0.10565382987260818, 0.11644966900348663, 0.09860207885503769, 0.10738874226808548, 0.09859097748994827, 0.09986283630132675, 0.1031019389629364, 0.11570844799280167, 0.12294550985097885, 0.11321698129177094, 0.12565568089485168, 0.1419249325990677, 0.15891535580158234, 0.1571326106786728, 0.13185665011405945, 0.1362634152173996, 0.14275765419006348, 0.14864525198936462, 0.16072018444538116, 0.13464543223381042, 0.14154061675071716, 0.15465351939201355, 0.16165441274642944, 0.15055164694786072, 0.16801387071609497, 0.1942184865474701, 0.1592041403055191, 0.17176100611686707, 0.1800614595413208, 0.16733033955097198, 0.17943932116031647, 0.20039290189743042, 0.18686337769031525, 0.18809829652309418, 0.18152783811092377, 0.2017548531293869, 0.19152578711509705, 0.19832830131053925, 0.20479625463485718, 0.21323783695697784, 0.21697275340557098, 0.21305491030216217, 0.22533857822418213, 0.2313326895236969, 0.22661364078521729, 0.22340251505374908, 0.22557353973388672, 0.22249872982501984, 0.22456423938274384, 0.22564540803432465, 0.22968974709510803, 0.22903186082839966, 0.2259606271982193, 0.2271299511194229, 0.22812440991401672, 0.2262149453163147, 0.22669067978858948, 0.22643664479255676, 0.2275400459766388, 0.22809889912605286, 0.22818401455879211, 0.22862458229064941, 0.22799335420131683, 0.22883839905261993, 0.22894513607025146, 0.22927610576152802, 0.2296704798936844, 0.22981862723827362, 0.22981633245944977, 0.229752779006958, 0.22987280786037445, 0.22961491346359253, 0.2298932671546936, 0.23003168404102325, 0.23029275238513947, 0.23036198318004608, 0.2308734655380249, 0.23096203804016113, 0.2307162582874298, 0.23075269162654877, 0.2309485524892807, 0.23084555566310883, 0.23090732097625732, 0.2308582067489624, 0.23098337650299072, 0.23093587160110474, 0.23082756996154785, 0.2308770716190338, 0.23084360361099243, 0.23087653517723083, 0.23082952201366425, 0.23084114491939545, 0.23091007769107819, 0.2309494912624359, 0.23101018369197845, 0.2310396432876587, 0.23106400668621063, 0.23102284967899323],