{"acc": [0.58160001039505, 0.804183304309845, 0.8492333292961121, 0.8696500062942505, 0.880649983882904, 0.8907833099365234, 0.8975499868392944, 0.9010166525840759, 0.9078166484832764, 0.912766695022583, 0.9148833155632019, 0.9187999963760376, 0.9205666780471802, 0.9218666553497314, 0.9236166477203369, 0.9269999861717224, 0.929183304309845, 0.9306166768074036, 0.9321666955947876, 0.9341166615486145, 0.9347500205039978, 0.9367666840553284, 0.9368000030517578, 0.9381166696548462, 0.9383666515350342, 0.9393166899681091, 0.939633309841156, 0.9395333528518677, 0.9409833550453186, 0.941100001335144, 0.9416499733924866, 0.9419666528701782, 0.9419166445732117, 0.9423166513442993, 0.9429000020027161, 0.942966639995575, 0.9421499967575073, 0.9421833157539368, 0.9428166747093201, 0.9425833225250244, 0.9440333247184753, 0.9440500140190125, 0.9431166648864746, 0.9439499974250793, 0.9438499808311462, 0.9437166452407837, 0.9444500207901001, 0.944100022315979, 0.9440666437149048, 0.9435999989509583, 0.9441166520118713, 0.9443166851997375, 0.9446499943733215, 0.9431833624839783, 0.944350004196167, 0.9429000020027161, 0.9437666535377502, 0.9450500011444092, 0.9440833330154419, 0.9447166919708252, 0.9434499740600586, 0.9449499845504761, 0.9447500109672546, 0.9445833563804626, 0.9439666867256165, 0.9436500072479248, 0.9442833065986633, 0.9449499845504761, 0.9434333443641663, 0.9448500275611877, 0.944016695022583, 0.9434999823570251, 0.944016695022583, 0.9441666603088379, 0.9440833330154419, 0.9446333050727844, 0.9448166489601135, 0.9450500011444092, 0.9449499845504761, 0.9439166784286499, 0.9442333579063416, 0.9448666572570801, 0.9450500011444092, 0.9446333050727844, 0.9442999958992004, 0.9442833065986633, 0.944683313369751, 0.9450833201408386, 0.9443333148956299, 0.9445333480834961, 0.9452166557312012, 0.9437000155448914, 0.9442499876022339, 0.9446666836738586, 0.9440666437149048, 0.9436833262443542, 0.9439833164215088, 0.9445833563804626, 0.9443833231925964, 0.9443666934967041], "loss": [1.373699426651001, 0.6684040427207947, 0.525361180305481, 0.4589557945728302, 0.4142628312110901, 0.38705602288246155, 0.36214113235473633, 0.3454304337501526, 0.33015137910842896, 0.3137874901294708, 0.3042556643486023, 0.2938869893550873, 0.2863391637802124, 0.27609047293663025, 0.27047303318977356, 0.263197660446167, 0.25595295429229736, 0.2516242563724518, 0.2446299046278, 0.2393978238105774, 0.23512977361679077, 0.23182804882526398, 0.2276977151632309, 0.22343501448631287, 0.22283804416656494, 0.21805928647518158, 0.21652944386005402, 0.2164658010005951, 0.2129131406545639, 0.2123393714427948, 0.210678368806839, 0.21001410484313965, 0.20929086208343506, 0.2064882516860962, 0.2061871737241745, 0.2084910273551941, 0.20666970312595367, 0.2074577957391739, 0.20350633561611176, 0.2043142318725586, 0.20447130501270294, 0.20274801552295685, 0.20375628769397736, 0.20118984580039978, 0.2016674280166626, 0.20125417411327362, 0.2025543451309204, 0.203154519200325, 0.20292776823043823, 0.20369037985801697, 0.20076033473014832, 0.20135413110256195, 0.20083709061145782, 0.2041795402765274, 0.2023361176252365, 0.2030525654554367, 0.20131300389766693, 0.1992371380329132, 0.20194976031780243, 0.1993837058544159, 0.20291025936603546, 0.20039787888526917, 0.19955694675445557, 0.20038728415966034, 0.20128333568572998, 0.2017057240009308, 0.20161734521389008, 0.20095814764499664, 0.20207858085632324, 0.2019423544406891, 0.19969472289085388, 0.20302264392375946, 0.20165666937828064, 0.201692134141922, 0.19865722954273224, 0.20178867876529694, 0.20056156814098358, 0.20103998482227325, 0.20093382894992828, 0.20133933424949646, 0.20098067820072174, 0.20000989735126495, 0.19979210197925568, 0.20004527270793915, 0.2006596475839615, 0.2007952332496643, 0.20284664630889893, 0.20058758556842804, 0.2015547901391983, 0.20060744881629944, 0.19958336651325226, 0.20240794122219086, 0.20128829777240753, 0.20087826251983643, 0.1997198611497879, 0.20082196593284607, 0.19953270256519318, 0.19946159422397614, 0.2007588893175125, 0.20160235464572906], "val_acc": [0.862500011920929, 0.8978999853134155, 0.9081000089645386, 0.9154000282287598, 0.9212999939918518, 0.9254999756813049, 0.9284999966621399, 0.9312000274658203, 0.9336000084877014, 0.9359999895095825, 0.9369000196456909, 0.9376999735832214, 0.9405999779701233, 0.9416999816894531, 0.9422000050544739, 0.9440000057220459, 0.9448000192642212, 0.9456999897956848, 0.9466000199317932, 0.948199987411499, 0.9491999745368958, 0.9495000243186951, 0.9495999813079834, 0.9501000046730042, 0.9509000182151794, 0.9513000249862671, 0.9514999985694885, 0.95169997215271, 0.9517999887466431, 0.9521999955177307, 0.9527999758720398, 0.9527999758720398, 0.9527999758720398, 0.9527000188827515, 0.9526000022888184, 0.9528999924659729, 0.9531000256538391, 0.9528999924659729, 0.9532999992370605, 0.953499972820282, 0.9535999894142151, 0.9535999894142151, 0.9535999894142151, 0.9537000060081482, 0.9537000060081482, 0.9537000060081482, 0.9539999961853027, 0.9539999961853027, 0.9538000226020813, 0.9538000226020813, 0.9539999961853027, 0.9539999961853027, 0.9541000127792358, 0.9541000127792358, 0.954200029373169, 0.954200029373169, 0.9539999961853027, 0.9539999961853027, 0.9541000127792358, 0.9539999961853027, 0.9541000127792358, 0.9541000127792358, 0.9541000127792358, 0.954200029373169, 0.954200029373169, 0.954200029373169, 0.954200029373169, 0.954200029373169, 0.954200029373169, 0.954200029373169, 0.954200029373169, 0.954200029373169, 0.954200029373169, 0.954200029373169, 0.954200029373169, 0.954200029373169, 0.954200029373169, 0.954200029373169, 0.954200029373169, 0.954200029373169, 0.954200029373169, 0.954200029373169, 0.954200029373169, 0.954200029373169, 0.954200029373169, 0.954200029373169, 0.954200029373169, 0.954200029373169, 0.954200029373169, 0.954200029373169, 0.954200029373169, 0.954200029373169, 0.954200029373169, 0.954200029373169, 0.954200029373169, 0.954200029373169, 0.954200029373169, 0.954200029373169, 0.954200029373169, 0.954200029373169],