{"acc": [0.9236833453178406, 0.9686833620071411, 0.977816641330719, 0.9819666743278503, 0.9850166440010071, 0.9872333407402039, 0.9889833331108093, 0.9901333451271057, 0.9910333156585693, 0.9922666549682617, 0.9921500086784363, 0.9939000010490417, 0.9940000176429749, 0.9937000274658203, 0.9948166608810425, 0.9944166541099548, 0.9951333403587341, 0.9955000281333923, 0.995116651058197, 0.9958999752998352, 0.996833324432373, 0.9975000023841858, 0.9975166916847229, 0.9983000159263611, 0.9987166523933411, 0.9989500045776367, 0.9993833303451538, 0.9994999766349792, 0.9994999766349792, 0.9995333552360535, 0.9996500015258789, 0.9999333620071411, 0.9999833106994629, 0.9999666810035706, 0.9998666644096375, 0.999916672706604, 0.9999833106994629, 1.0, 0.9999833106994629, 1.0, 1.0, 1.0, 1.0, 1.0, 1.0, 1.0, 0.9999833106994629, 0.9999666810035706, 1.0, 1.0, 1.0, 1.0, 1.0, 1.0, 1.0, 1.0, 1.0, 0.9999833106994629, 1.0, 1.0, 1.0, 1.0, 1.0, 1.0, 1.0, 1.0, 1.0, 0.9999833106994629, 1.0, 1.0, 1.0, 1.0, 1.0, 1.0, 1.0, 1.0, 1.0, 1.0, 1.0, 1.0, 1.0, 1.0, 0.9999833106994629, 0.9999833106994629, 1.0, 0.9999833106994629, 1.0, 1.0, 1.0, 1.0, 1.0, 1.0, 1.0, 1.0, 1.0, 1.0, 1.0, 1.0, 1.0, 1.0], "loss": [0.26717618107795715, 0.11629555374383926, 0.07869856804609299, 0.0627925917506218, 0.051490265876054764, 0.04275916889309883, 0.03629325330257416, 0.033993832767009735, 0.03052908182144165, 0.026152225211262703, 0.028869034722447395, 0.021852901205420494, 0.020816484466195107, 0.024590840563178062, 0.020163938403129578, 0.01996460184454918, 0.017010418698191643, 0.016644718125462532, 0.019086381420493126, 0.016963105648756027, 0.013367127627134323, 0.009764659218490124, 0.009777176193892956, 0.005752268247306347, 0.005608033388853073, 0.004326427821069956, 0.0027720704674720764, 0.0021081732120364904, 0.002028989838436246, 0.0018524200422689319, 0.0016814733389765024, 0.00025200442178174853, 5.1503080612747e-05, 0.00011277127487119287, 0.0007959346403367817, 0.00017677801952231675, 5.947520912741311e-05, 1.700879329291638e-05, 0.0002509410842321813, 1.3267801477923058e-05, 3.2682830806152197e-06, 4.1915118345059454e-06, 3.878322786476929e-06, 1.4587074019800639e-06, 5.477121248986805e-06, 4.068933321832446e-06, 5.49751530343201e-05, 9.170224075205624e-05, 6.719978387081937e-07, 6.755444701411761e-07, 4.572684133563598e-07, 2.450161900924286e-06, 8.485024522997264e-07, 3.761660707368719e-07, 3.3131684631371172e-06, 9.746425178036588e-08, 3.2340649340767413e-06, 3.4428288927301764e-05, 1.8366499432431738e-07, 9.933791034200112e-08, 7.77011791797122e-07, 1.3990417073728167e-06, 3.980702274475334e-07, 5.830787813465577e-06, 1.0626631308241485e-07, 6.441197797357745e-08, 1.5038811795875517e-07, 1.3015882359468378e-05, 1.5030667555038235e-07, 3.1201273031911114e-07, 1.8835243054127204e-06, 1.4084720305618248e-06, 2.3048758066579467e-06, 1.1263725809840253e-06, 1.77114102939413e-07, 7.744942536191957e-07, 3.0234303949328023e-07, 7.936767360661179e-06, 4.702154001279268e-06, 9.412549388798652e-07, 7.695809358665429e-07, 4.6267479092421127e-07, 5.863570549990982e-05, 1.663010334596038e-05, 2.28908291433072e-07, 2.8741593268932775e-05, 6.182806828292087e-06, 1.7055683088074147e-07, 2.7260448405286297e-06, 2.784538821742899e-07, 6.646332622040063e-06, 1.1244000575061364e-07, 5.111263590151793e-07, 4.658059893358768e-08, 1.211562477010375e-07, 8.656643899485061e-07, 5.589081197854284e-08, 7.561322945548454e-08, 2.797990532599215e-07, 1.2837924145969737e-07], "val_acc": [0.968500018119812, 0.968999981880188, 0.9743000268936157, 0.9769999980926514, 0.9761000275611877, 0.979200005531311, 0.9750000238418579, 0.9761000275611877, 0.9815999865531921, 0.980400025844574, 0.9807999730110168, 0.9771000146865845, 0.977400004863739, 0.9807000160217285, 0.9817000031471252, 0.9804999828338623, 0.98089998960495, 0.9771000146865845, 0.9767000079154968, 0.9797999858856201, 0.982699990272522, 0.9797000288963318, 0.9825000166893005, 0.984000027179718, 0.9833999872207642, 0.9805999994277954, 0.983299970626831, 0.9828000068664551, 0.9817000031471252, 0.9833999872207642, 0.9853000044822693, 0.9858999848365784, 0.9855999946594238, 0.9850000143051147, 0.9846000075340271, 0.9847999811172485, 0.9854000210762024, 0.9854999780654907, 0.9855999946594238, 0.9854999780654907, 0.9857000112533569, 0.98580002784729, 0.986299991607666, 0.986299991607666, 0.9858999848365784, 0.986299991607666, 0.9861999750137329, 0.9860000014305115, 0.98580002784729, 0.9861999750137329, 0.986299991607666, 0.9858999848365784, 0.9861000180244446, 0.9861000180244446, 0.9861999750137329, 0.9861999750137329, 0.9860000014305115, 0.9861999750137329, 0.9861999750137329, 0.9860000014305115, 0.9864000082015991, 0.9864000082015991, 0.9861999750137329, 0.9861000180244446, 0.9860000014305115, 0.9860000014305115, 0.9861000180244446, 0.9860000014305115, 0.9861000180244446, 0.9861000180244446, 0.9861000180244446, 0.9861000180244446, 0.9860000014305115, 0.9860000014305115, 0.9860000014305115, 0.9858999848365784, 0.9858999848365784, 0.9858999848365784, 0.9860000014305115, 0.9861000180244446, 0.9860000014305115, 0.9861000180244446, 0.9861000180244446, 0.9861000180244446, 0.9861999750137329, 0.9861999750137329, 0.9861000180244446, 0.9861000180244446, 0.9861999750137329, 0.9861999750137329, 0.9861999750137329, 0.9861999750137329, 0.9861999750137329, 0.9861999750137329, 0.9861999750137329, 0.9861999750137329, 0.9861999750137329, 0.9861999750137329, 0.9861999750137329, 0.9861999750137329], "val_loss": [0.10739802569150925, 0.10640030354261398, 0.09183868020772934, 0.08793269097805023, 0.10272815823554993, 0.09230124205350876, 0.12436892092227936, 0.12773729860782623, 0.10562226921319962, 0.1168595552444458, 0.10935363918542862, 0.12429973483085632, 0.16352766752243042, 0.11769939959049225, 0.11974658071994781, 0.1331508457660675, 0.13884855806827545, 0.17458847165107727, 0.16525544226169586, 0.16034038364887238, 0.14958909153938293, 0.17704759538173676, 0.15816597640514374, 0.17119203507900238, 0.20687958598136902, 0.2066628634929657, 0.19040560722351074, 0.2097449004650116, 0.2545316517353058, 0.23619048297405243, 0.2142908275127411, 0.232004314661026, 0.23704570531845093, 0.25804194808006287, 0.2714824080467224, 0.27739936113357544, 0.27608522772789, 0.2829095721244812, 0.27775633335113525, 0.28036099672317505, 0.29266488552093506, 0.3022749125957489, 0.31184208393096924, 0.3164728879928589, 0.3402271270751953, 0.3386002480983734, 0.3412555456161499, 0.34536194801330566, 0.34714290499687195, 0.3465881645679474, 0.35294225811958313, 0.3570963442325592, 0.3557335436344147, 0.35883817076683044, 0.36302098631858826, 0.36575913429260254, 0.37145137786865234, 0.369907021522522, 0.3712441325187683, 0.37391796708106995, 0.3743700683116913, 0.3744952380657196, 0.37548843026161194, 0.37674984335899353, 0.3764756917953491, 0.3767709732055664, 0.3767378628253937, 0.3775937855243683, 0.3770110011100769, 0.378040075302124, 0.37869471311569214, 0.37916815280914307, 0.3797304630279541, 0.3803473711013794, 0.38060325384140015, 0.38075560331344604, 0.38105642795562744, 0.38067081570625305, 0.38055989146232605, 0.3804856836795807, 0.3805864751338959, 0.38061919808387756, 0.3808230757713318, 0.38083377480506897, 0.3810214400291443, 0.3808174431324005, 0.38092297315597534, 0.38097602128982544, 0.3810502886772156, 0.38116154074668884, 0.38114067912101746, 0.38122865557670593, 0.38124212622642517, 0.3812617063522339, 0.38133546710014343, 0.3813079595565796, 0.38133758306503296, 0.3813512921333313, 0.381384015083313, 0.38145655393600464],