{"acc": [0.9942166805267334, 0.9937666654586792, 0.9943000078201294, 0.9944333434104919, 0.9945666790008545, 0.9947500228881836, 0.9947500228881836, 0.9953166842460632, 0.9947999715805054, 0.995116651058197, 0.995283305644989, 0.9958500266075134, 0.9954000115394592, 0.9960166811943054, 0.9955499768257141, 0.9957833290100098, 0.9957166910171509, 0.9963333606719971, 0.9959999918937683, 0.996749997138977, 0.9963833093643188, 0.9962666630744934, 0.9962499737739563, 0.9966833591461182, 0.996399998664856, 0.9969000220298767, 0.9968000054359436, 0.9973000288009644, 0.9971500039100647, 0.9970666766166687, 0.9970499873161316, 0.997083306312561, 0.9970999956130981, 0.9972666501998901, 0.9976000189781189, 0.9973499774932861, 0.9973999857902527, 0.9978500008583069, 0.9977666735649109, 0.9974333047866821, 0.9977333545684814, 0.9974833130836487, 0.998033344745636, 0.9978833198547363, 0.9980666637420654, 0.9979000091552734, 0.9978833198547363, 0.9980166554450989, 0.9979333281517029, 0.998033344745636, 0.9981666803359985, 0.9980999827384949, 0.9981499910354614, 0.9981833100318909, 0.9982500076293945, 0.9982500076293945, 0.9985166788101196, 0.9983166456222534, 0.9981833100318909, 0.9984333515167236, 0.9985499978065491, 0.9983333349227905, 0.9983999729156494, 0.9983166456222534, 0.9986500144004822, 0.9980999827384949, 0.9983500242233276, 0.9984166622161865, 0.9989333152770996, 0.9986000061035156, 0.9983333349227905, 0.9987166523933411, 0.998449981212616, 0.9986666440963745, 0.9990000128746033, 0.998533308506012, 0.9984666705131531, 0.9987333416938782, 0.9985833168029785, 0.9987999796867371, 0.9988499879837036, 0.9988499879837036, 0.9988833069801331, 0.9990166425704956, 0.9990666508674622, 0.9990166425704956, 0.9991499781608582, 0.9990166425704956, 0.9988666772842407, 0.9986666440963745, 0.9988666772842407, 0.9989833235740662, 0.9991666674613953, 0.9989500045776367, 0.9991666674613953, 0.9991999864578247, 0.9991000294685364, 0.9989166855812073, 0.9993000030517578, 0.9991000294685364], "loss": [0.02253403142094612, 0.02246629074215889, 0.021570617333054543, 0.02096232771873474, 0.020445290952920914, 0.019986409693956375, 0.020081253722310066, 0.018061989918351173, 0.018991930410265923, 0.018140941858291626, 0.017715176567435265, 0.017041141167283058, 0.016904817894101143, 0.01581553742289543, 0.016002902761101723, 0.015746930614113808, 0.015633339062333107, 0.014701085165143013, 0.015091625042259693, 0.013770051300525665, 0.014385118149220943, 0.013972110114991665, 0.013099714182317257, 0.01329683605581522, 0.013443300500512123, 0.013067997060716152, 0.013006226159632206, 0.011457914486527443, 0.011609714478254318, 0.011584576219320297, 0.011755038052797318, 0.011445289477705956, 0.011463174596428871, 0.01084671076387167, 0.01059156283736229, 0.010977358557283878, 0.010949383489787579, 0.009892240166664124, 0.009751379489898682, 0.010046717710793018, 0.009416652843356133, 0.009929092600941658, 0.009149575605988503, 0.009249943308532238, 0.009109879843890667, 0.00900639034807682, 0.009000145830214024, 0.008834273554384708, 0.008472973480820656, 0.008430923335254192, 0.008221794851124287, 0.00818872544914484, 0.008003395050764084, 0.008000586181879044, 0.007805432192981243, 0.007848940789699554, 0.0071218241937458515, 0.007348534185439348, 0.007517992053180933, 0.007245366927236319, 0.006978555582463741, 0.007266588043421507, 0.007127886638045311, 0.007193665951490402, 0.006511391140520573, 0.0075113107450306416, 0.00682268338277936, 0.006729931104928255, 0.006091538351029158, 0.00664951978251338, 0.006508002057671547, 0.006272784434258938, 0.006490785628557205, 0.00615660659968853, 0.005544939078390598, 0.006153873633593321, 0.006210369989275932, 0.005845657549798489, 0.005921436473727226, 0.005839638877660036, 0.005459289997816086, 0.005634014029055834, 0.0053917462937533855, 0.005191137548536062, 0.0051022060215473175, 0.005009701941162348, 0.0049645910039544106, 0.005118890665471554, 0.0052432469092309475, 0.005283287260681391, 0.005315495654940605, 0.004952630493789911, 0.004541418049484491, 0.004873367492109537, 0.004854695405811071, 0.004747662227600813, 0.00473916158080101, 0.004828656557947397, 0.004263057839125395, 0.004512079060077667], "val_acc": [0.9829999804496765, 0.9833999872207642, 0.9833999872207642, 0.9835000038146973, 0.9836000204086304, 0.984499990940094, 0.9839000105857849, 0.9835000038146973, 0.9839000105857849, 0.984000027179718, 0.9836999773979187, 0.984000027179718, 0.9833999872207642, 0.9839000105857849, 0.9837999939918518, 0.984000027179718, 0.9835000038146973, 0.9837999939918518, 0.983299970626831, 0.984000027179718, 0.9842000007629395, 0.9837999939918518, 0.9843999743461609, 0.9837999939918518, 0.9846000075340271, 0.9837999939918518, 0.9837999939918518, 0.984499990940094, 0.9836000204086304, 0.9836999773979187, 0.9840999841690063, 0.984499990940094, 0.9836000204086304, 0.9836999773979187, 0.9839000105857849, 0.9840999841690063, 0.9843999743461609, 0.9847000241279602, 0.984499990940094, 0.9839000105857849, 0.9836999773979187, 0.9839000105857849, 0.9835000038146973, 0.9833999872207642, 0.9843000173568726, 0.984000027179718, 0.984000027179718, 0.9840999841690063, 0.9848999977111816, 0.9847999811172485, 0.984000027179718, 0.9830999970436096, 0.9839000105857849, 0.984000027179718, 0.9842000007629395, 0.9840999841690063, 0.9843999743461609, 0.9840999841690063, 0.984000027179718, 0.9848999977111816, 0.9843999743461609, 0.984000027179718, 0.9840999841690063, 0.9840999841690063, 0.984000027179718, 0.9830999970436096, 0.9837999939918518, 0.9840999841690063, 0.9839000105857849, 0.9840999841690063, 0.9835000038146973, 0.9836000204086304, 0.9843999743461609, 0.9836999773979187, 0.9839000105857849, 0.9847999811172485, 0.9837999939918518, 0.9842000007629395, 0.9843000173568726, 0.9836999773979187, 0.9836999773979187, 0.984499990940094, 0.9833999872207642, 0.9837999939918518, 0.984499990940094, 0.984000027179718, 0.984499990940094, 0.9842000007629395, 0.9843999743461609, 0.9842000007629395, 0.9843000173568726, 0.984499990940094, 0.9843000173568726, 0.9837999939918518, 0.984000027179718, 0.984499990940094, 0.984000027179718, 0.984000027179718, 0.9835000038146973, 0.9842000007629395],