{"acc": [0.7506333589553833, 0.8563666939735413, 0.8738499879837036, 0.8832166790962219, 0.8893833160400391, 0.8935166597366333, 0.8973833322525024, 0.9003999829292297, 0.9025499820709229, 0.9050666689872742, 0.9069166779518127, 0.9096666574478149, 0.910183310508728, 0.9128666520118713, 0.9130666851997375, 0.9143666625022888, 0.9165499806404114, 0.9173333048820496, 0.9193000197410583, 0.9204000234603882, 0.9206833243370056, 0.9228833317756653, 0.9234166741371155, 0.9233333468437195, 0.9247333407402039, 0.9261999726295471, 0.9245499968528748, 0.9252499938011169, 0.9259333610534668, 0.9269499778747559, 0.9268333315849304, 0.9272666573524475, 0.9263833165168762, 0.927049994468689, 0.928600013256073, 0.9276000261306763, 0.9286666512489319, 0.927299976348877, 0.9269166588783264, 0.9283333420753479, 0.9288833141326904, 0.9277333617210388, 0.928933322429657, 0.928433358669281, 0.928516685962677, 0.9296000003814697, 0.9286500215530396, 0.928766667842865, 0.9291666746139526, 0.9297833442687988, 0.929016649723053, 0.9298333525657654, 0.9286999702453613, 0.9290333390235901, 0.9295833110809326, 0.9293333292007446, 0.9292833209037781, 0.9286666512489319, 0.9294999837875366, 0.9294000267982483, 0.9283666610717773, 0.9291333556175232, 0.9291999936103821, 0.9297666549682617, 0.9300166964530945, 0.9289166927337646, 0.9280333518981934, 0.9292666912078857, 0.928683340549469, 0.9294000267982483, 0.9298166632652283, 0.9286999702453613, 0.9294666647911072, 0.9297666549682617, 0.9289000034332275, 0.9287333488464355, 0.9285333156585693, 0.928683340549469, 0.9286500215530396, 0.9293666481971741, 0.928433358669281, 0.9304666519165039, 0.9287166595458984, 0.9294999837875366, 0.9275000095367432, 0.9276166558265686, 0.930400013923645, 0.9278166890144348, 0.9289666414260864, 0.9285500049591064, 0.9284166693687439, 0.9300000071525574, 0.9283499717712402, 0.9290000200271606, 0.9293500185012817, 0.9292333126068115, 0.9289166927337646, 0.9301333427429199, 0.9288833141326904, 0.928933322429657], "loss": [0.8526688814163208, 0.4959282875061035, 0.4343104958534241, 0.4027743637561798, 0.3789527118206024, 0.3645397424697876, 0.35280460119247437, 0.34354734420776367, 0.3345319926738739, 0.3255186975002289, 0.32064372301101685, 0.31143009662628174, 0.3055717349052429, 0.30042290687561035, 0.29879021644592285, 0.29268670082092285, 0.2870709300041199, 0.2842631936073303, 0.2769027352333069, 0.2744786739349365, 0.27118951082229614, 0.26766011118888855, 0.26445600390434265, 0.26476725935935974, 0.25942981243133545, 0.2591162919998169, 0.2572195529937744, 0.2576783001422882, 0.2563643157482147, 0.2527349293231964, 0.25203660130500793, 0.25116264820098877, 0.2516666054725647, 0.2501126229763031, 0.2508741319179535, 0.2482949048280716, 0.24915668368339539, 0.2476152926683426, 0.24988269805908203, 0.24828574061393738, 0.24550092220306396, 0.24750909209251404, 0.24637892842292786, 0.24718819558620453, 0.2463308721780777, 0.2462320178747177, 0.24588632583618164, 0.246697798371315, 0.24503420293331146, 0.2437526136636734, 0.24461565911769867, 0.245771586894989, 0.24720925092697144, 0.24422690272331238, 0.24482247233390808, 0.246001198887825, 0.24584990739822388, 0.24458329379558563, 0.2443859875202179, 0.2451549470424652, 0.24499216675758362, 0.24438461661338806, 0.24394674599170685, 0.24284407496452332, 0.2438097596168518, 0.24443970620632172, 0.24644671380519867, 0.24416767060756683, 0.24412475526332855, 0.2413623034954071, 0.2431410253047943, 0.24553348124027252, 0.2445981800556183, 0.2441517859697342, 0.2451205998659134, 0.24358947575092316, 0.24365368485450745, 0.24514061212539673, 0.24466973543167114, 0.24460437893867493, 0.2453245222568512, 0.244215190410614, 0.2451985627412796, 0.24422001838684082, 0.24571342766284943, 0.2465733140707016, 0.24230633676052094, 0.24445229768753052, 0.24537213146686554, 0.24520732462406158, 0.2452329844236374, 0.24352192878723145, 0.24629391729831696, 0.24320563673973083, 0.24553948640823364, 0.24515700340270996, 0.24518445134162903, 0.24165241420269012, 0.24322596192359924, 0.2427321970462799], "val_acc": [0.8848000168800354, 0.9000999927520752, 0.9092000126838684, 0.913100004196167, 0.9162999987602234, 0.919700026512146, 0.921500027179718, 0.9233999848365784, 0.9244999885559082, 0.9269000291824341, 0.9284999966621399, 0.928600013256073, 0.9294000267982483, 0.9308000206947327, 0.9315000176429749, 0.9323999881744385, 0.9332000017166138, 0.933899998664856, 0.935699999332428, 0.9362000226974487, 0.9370999932289124, 0.9383000135421753, 0.9379000067710876, 0.9381999969482422, 0.9386000037193298, 0.9386000037193298, 0.9388999938964844, 0.9394999742507935, 0.9391999840736389, 0.9394999742507935, 0.9394999742507935, 0.9394999742507935, 0.9397000074386597, 0.9395999908447266, 0.9399999976158142, 0.9398999810218811, 0.9404000043869019, 0.9401999711990356, 0.9402999877929688, 0.9401999711990356, 0.9399999976158142, 0.9402999877929688, 0.9398999810218811, 0.9401000142097473, 0.9405999779701233, 0.940500020980835, 0.940500020980835, 0.9405999779701233, 0.9405999779701233, 0.9405999779701233, 0.9406999945640564, 0.9406999945640564, 0.9406999945640564, 0.9406999945640564, 0.9406999945640564, 0.9406999945640564, 0.9406999945640564, 0.9406999945640564, 0.9406999945640564, 0.9406999945640564, 0.9406999945640564, 0.9406999945640564, 0.9406999945640564, 0.9406999945640564, 0.9406999945640564, 0.9406999945640564, 0.9406999945640564, 0.9406999945640564, 0.9406999945640564, 0.9406999945640564, 0.9406999945640564, 0.9406999945640564, 0.9406999945640564, 0.9406999945640564, 0.9406999945640564, 0.9406999945640564, 0.9406999945640564, 0.9406999945640564, 0.9406999945640564, 0.9406999945640564, 0.9406999945640564, 0.9406999945640564, 0.9406999945640564, 0.9406999945640564, 0.9406999945640564, 0.9406999945640564, 0.9406999945640564, 0.9406999945640564, 0.9406999945640564, 0.9406999945640564, 0.9406999945640564, 0.9406999945640564, 0.9406999945640564, 0.9406999945640564, 0.9406999945640564, 0.9406999945640564, 0.9406999945640564, 0.9406999945640564, 0.9406999945640564, 0.9406999945640564],