{"acc": [0.7581833600997925, 0.8605499863624573, 0.8770833611488342, 0.887066662311554, 0.8916166424751282, 0.8956000208854675, 0.8999666571617126, 0.903166651725769, 0.9047166705131531, 0.9076666831970215, 0.9092333316802979, 0.9107000231742859, 0.9113166928291321, 0.9147833585739136, 0.915066659450531, 0.9172999858856201, 0.9178833365440369, 0.9196333289146423, 0.9208166599273682, 0.9219833612442017, 0.9217833280563354, 0.9226666688919067, 0.9247000217437744, 0.9243000149726868, 0.9267333149909973, 0.9248499870300293, 0.9263666868209839, 0.9275000095367432, 0.9264333248138428, 0.9283333420753479, 0.9282166957855225, 0.9272833466529846, 0.9293000102043152, 0.9289500117301941, 0.9288833141326904, 0.9294999837875366, 0.9294833540916443, 0.9289666414260864, 0.9292166829109192, 0.9299666881561279, 0.9288666844367981, 0.9296166896820068, 0.9285333156585693, 0.9304666519165039, 0.9295833110809326, 0.9309333562850952, 0.9294000267982483, 0.9308666586875916, 0.9306666851043701, 0.9312166571617126, 0.9296666383743286, 0.9306166768074036, 0.9301666617393494, 0.9302166700363159, 0.9312499761581421, 0.9301499724388123, 0.9297666549682617, 0.9301666617393494, 0.9303833246231079, 0.9295166730880737, 0.9317333102226257, 0.930566668510437, 0.9297333359718323, 0.9302666783332825, 0.9316333532333374, 0.9305166602134705, 0.9319000244140625, 0.9298999905586243, 0.9311000108718872, 0.9305833578109741, 0.9300000071525574, 0.9311333298683167, 0.9307500123977661, 0.930233359336853, 0.9298999905586243, 0.9308833479881287, 0.9307000041007996, 0.9309499859809875, 0.9295666813850403, 0.9299333095550537, 0.9303833246231079, 0.9302999973297119, 0.9299833178520203, 0.9299166798591614, 0.9298666715621948, 0.9300666451454163, 0.9305166602134705, 0.9294499754905701, 0.9311166405677795, 0.9298999905586243, 0.9301499724388123, 0.9301833510398865, 0.9304999709129333, 0.9307833313941956, 0.9314666390419006, 0.9299166798591614, 0.930483341217041, 0.9298999905586243, 0.9306333065032959, 0.9306333065032959], "loss": [0.864450991153717, 0.49624040722846985, 0.43281233310699463, 0.3974824547767639, 0.37898215651512146, 0.3629666566848755, 0.35039862990379333, 0.33934760093688965, 0.330996036529541, 0.32227951288223267, 0.3159042000770569, 0.31015270948410034, 0.3058856427669525, 0.29989126324653625, 0.2956216335296631, 0.2894527018070221, 0.28623542189598083, 0.280862033367157, 0.2785876393318176, 0.2731204628944397, 0.27128610014915466, 0.2698127329349518, 0.26365646719932556, 0.26240429282188416, 0.260087251663208, 0.25970256328582764, 0.2560800313949585, 0.25504040718078613, 0.25411248207092285, 0.25231412053108215, 0.2503235638141632, 0.25027817487716675, 0.24907176196575165, 0.24962180852890015, 0.2468384951353073, 0.24673409759998322, 0.2469717264175415, 0.24770356714725494, 0.247498020529747, 0.24522459506988525, 0.246955007314682, 0.24491146206855774, 0.24574513733386993, 0.24435298144817352, 0.24618908762931824, 0.24462562799453735, 0.24540141224861145, 0.24417324364185333, 0.24168844521045685, 0.2444709986448288, 0.24521704018115997, 0.2430468201637268, 0.24486568570137024, 0.24397651851177216, 0.2428639829158783, 0.24249254167079926, 0.24520693719387054, 0.2434861660003662, 0.2437049150466919, 0.2447076141834259, 0.241310715675354, 0.2417193204164505, 0.24364349246025085, 0.24316135048866272, 0.24292317032814026, 0.24377918243408203, 0.2402719259262085, 0.24216435849666595, 0.24359673261642456, 0.24342742562294006, 0.2431584596633911, 0.24428489804267883, 0.24277852475643158, 0.24299296736717224, 0.24412868916988373, 0.24160277843475342, 0.24229001998901367, 0.24228180944919586, 0.24335451424121857, 0.2436542958021164, 0.24483267962932587, 0.24375231564044952, 0.24222831428050995, 0.24502593278884888, 0.24254152178764343, 0.24507033824920654, 0.24244727194309235, 0.2427074909210205, 0.24240462481975555, 0.24393877387046814, 0.2440035194158554, 0.24255099892616272, 0.24422629177570343, 0.2414395660161972, 0.2414909154176712, 0.24365665018558502, 0.24277840554714203, 0.24292981624603271, 0.24239231646060944, 0.24280108511447906], "val_acc": [0.8842999935150146, 0.8996999859809875, 0.9075999855995178, 0.911899983882904, 0.9147999882698059, 0.9185000061988831, 0.9204000234603882, 0.9218999743461609, 0.9236999750137329, 0.9254999756813049, 0.9257000088691711, 0.9272000193595886, 0.9283000230789185, 0.9290000200271606, 0.9301999807357788, 0.9312000274658203, 0.9323999881744385, 0.9327999949455261, 0.9333000183105469, 0.9334999918937683, 0.9354000091552734, 0.9358000159263611, 0.9358000159263611, 0.9365000128746033, 0.9366000294685364, 0.9372000098228455, 0.9372000098228455, 0.9376000165939331, 0.9377999901771545, 0.9376999735832214, 0.9376999735832214, 0.9383000135421753, 0.9384999871253967, 0.9384999871253967, 0.9387999773025513, 0.9386000037193298, 0.9391999840736389, 0.9391999840736389, 0.9391000270843506, 0.9391999840736389, 0.9394999742507935, 0.9394999742507935, 0.939300000667572, 0.9395999908447266, 0.9394999742507935, 0.9395999908447266, 0.9395999908447266, 0.9395999908447266, 0.9397000074386597, 0.9397000074386597, 0.9397000074386597, 0.9397000074386597, 0.9397000074386597, 0.9397000074386597, 0.9398000240325928, 0.9397000074386597, 0.9397000074386597, 0.9397000074386597, 0.9397000074386597, 0.9397000074386597, 0.9397000074386597, 0.9397000074386597, 0.9397000074386597, 0.9397000074386597, 0.9397000074386597, 0.9397000074386597, 0.9397000074386597, 0.9398999810218811, 0.9398999810218811, 0.9398999810218811, 0.9398999810218811, 0.9398999810218811, 0.9398999810218811, 0.9398999810218811, 0.9398999810218811, 0.9398999810218811, 0.9398000240325928, 0.9398000240325928, 0.9398000240325928, 0.9398000240325928, 0.9398000240325928, 0.9398000240325928, 0.9398000240325928, 0.9398000240325928, 0.9398000240325928, 0.9398000240325928, 0.9398000240325928, 0.9398000240325928, 0.9398000240325928, 0.9398000240325928, 0.9398000240325928, 0.9398000240325928, 0.9398000240325928, 0.9398000240325928, 0.9398000240325928, 0.9398000240325928, 0.9398000240325928, 0.9398000240325928, 0.9398000240325928, 0.9398000240325928],