{"acc": [0.9251833558082581, 0.9685166478157043, 0.9777833223342896, 0.9824666380882263, 0.9855333566665649, 0.9876333475112915, 0.9896166920661926, 0.9894499778747559, 0.9919499754905701, 0.9924833178520203, 0.9925166964530945, 0.993066668510437, 0.9937000274658203, 0.9943833351135254, 0.9936166405677795, 0.9957666397094727, 0.994949996471405, 0.9958333373069763, 0.9956666827201843, 0.9957500100135803, 0.9969000220298767, 0.9967833161354065, 0.9973999857902527, 0.9981333613395691, 0.9992333054542542, 0.9986000061035156, 0.9993333220481873, 0.9995833039283752, 0.9994333386421204, 0.9995666742324829, 0.9997333288192749, 0.9998999834060669, 0.9999499917030334, 0.9999499917030334, 0.9999333620071411, 0.999916672706604, 0.9999833106994629, 0.9999499917030334, 0.9999833106994629, 1.0, 0.9999833106994629, 0.9999666810035706, 1.0, 0.9999833106994629, 0.9999833106994629, 1.0, 1.0, 1.0, 1.0, 0.9999833106994629, 1.0, 1.0, 1.0, 1.0, 0.9999833106994629, 1.0, 1.0, 1.0, 1.0, 1.0, 1.0, 1.0, 1.0, 1.0, 1.0, 1.0, 1.0, 1.0, 1.0, 1.0, 0.9999833106994629, 1.0, 1.0, 1.0, 1.0, 1.0, 1.0, 1.0, 1.0, 0.9999833106994629, 1.0, 1.0, 1.0, 1.0, 1.0, 1.0, 1.0, 0.9999833106994629, 1.0, 1.0, 1.0, 0.9999833106994629, 1.0, 0.9999833106994629, 1.0, 1.0, 1.0, 1.0, 1.0, 0.9999666810035706], "loss": [0.2627716660499573, 0.11455905437469482, 0.07961536198854446, 0.062336262315511703, 0.04987015947699547, 0.043063074350357056, 0.03484063968062401, 0.03664529323577881, 0.02938845008611679, 0.025053251534700394, 0.026706403121352196, 0.02539505437016487, 0.02283822000026703, 0.020100079476833344, 0.021969761699438095, 0.016675274819135666, 0.018709193915128708, 0.017734210938215256, 0.017415009438991547, 0.018707439303398132, 0.012884088791906834, 0.011884629726409912, 0.010211656801402569, 0.0076619344763457775, 0.002654984127730131, 0.005648585502058268, 0.002866521943360567, 0.001688141725026071, 0.0022256786469370127, 0.0014253018889576197, 0.0007697020191699266, 0.0006651063449680805, 0.00012639947817660868, 9.984466305468231e-05, 0.00036932321381755173, 0.0004211743362247944, 3.725355418282561e-05, 0.00010064754314953461, 3.167509566992521e-05, 9.462083653488662e-06, 0.0001777570869307965, 0.00013768390635959804, 1.2383125977066811e-05, 4.988880027667619e-05, 1.727212656987831e-05, 1.7160592733489466e-06, 6.573691280209459e-06, 9.688990758149885e-06, 1.1523258081069798e-06, 9.822702122619376e-05, 4.122113296034513e-06, 9.175202535516291e-07, 3.71382543562504e-06, 3.902447360815131e-07, 3.518926678225398e-05, 4.054941484810115e-07, 1.0606278010527603e-05, 8.53806284339953e-07, 1.2934041251355666e-06, 3.20905860462517e-06, 5.030451120546786e-06, 1.0887493772315793e-05, 2.2435822302213637e-06, 4.373253545963962e-07, 9.661673630034784e-07, 3.268604814365972e-06, 8.662190339236986e-06, 4.476277126741479e-07, 2.5046233531611506e-06, 2.1573930553131504e-07, 3.3968470233958215e-05, 3.999533419118961e-06, 1.9007142100235797e-06, 1.2221108590892982e-05, 2.893920907354186e-07, 7.1386566560249776e-06, 5.931310624873731e-07, 1.047302703227615e-06, 1.259546752407914e-05, 3.1611773010808975e-05, 1.0813798780873185e-06, 3.7792511875522905e-07, 5.998079473101825e-07, 3.7177713352321007e-07, 2.843325717094558e-07, 8.691352348932924e-08, 7.11036932443676e-07, 4.511426595854573e-05, 1.4325559050121228e-06, 8.977322636383178e-07, 1.1773707910833764e-06, 1.550773231429048e-05, 1.5853011348099244e-07, 9.658868657425046e-05, 3.3685355447232723e-06, 1.3923634014645359e-06, 4.022019766125595e-06, 1.1539732440724038e-06, 1.1226872629777063e-05, 8.766730752540752e-05], "val_acc": [0.9629999995231628, 0.9704999923706055, 0.9740999937057495, 0.9697999954223633, 0.9775999784469604, 0.9799000024795532, 0.9768999814987183, 0.9772999882698059, 0.9775000214576721, 0.9797999858856201, 0.9815000295639038, 0.9782000184059143, 0.9821000099182129, 0.9815000295639038, 0.980400025844574, 0.9793999791145325, 0.977400004863739, 0.9829999804496765, 0.9825999736785889, 0.9825000166893005, 0.9796000123023987, 0.9825000166893005, 0.9818999767303467, 0.9832000136375427, 0.9847999811172485, 0.9829999804496765, 0.9842000007629395, 0.9843999743461609, 0.9843999743461609, 0.9843999743461609, 0.9855999946594238, 0.9866999983787537, 0.9864000082015991, 0.9866999983787537, 0.9864000082015991, 0.9861999750137329, 0.9860000014305115, 0.9861000180244446, 0.9853000044822693, 0.98580002784729, 0.9854000210762024, 0.9858999848365784, 0.98580002784729, 0.98580002784729, 0.98580002784729, 0.9861999750137329, 0.9861999750137329, 0.9864000082015991, 0.9865000247955322, 0.9865999817848206, 0.986299991607666, 0.9861999750137329, 0.9861999750137329, 0.9861999750137329, 0.9861999750137329, 0.986299991607666, 0.9865000247955322, 0.9864000082015991, 0.9865000247955322, 0.9865000247955322, 0.986299991607666, 0.9861000180244446, 0.9860000014305115, 0.9861000180244446, 0.9861999750137329, 0.9861999750137329, 0.9864000082015991, 0.9864000082015991, 0.986299991607666, 0.9864000082015991, 0.9865000247955322, 0.9865000247955322, 0.9864000082015991, 0.9864000082015991, 0.986299991607666, 0.986299991607666, 0.986299991607666, 0.986299991607666, 0.986299991607666, 0.986299991607666, 0.986299991607666, 0.986299991607666, 0.986299991607666, 0.986299991607666, 0.986299991607666, 0.986299991607666, 0.986299991607666, 0.986299991607666, 0.986299991607666, 0.986299991607666, 0.986299991607666, 0.986299991607666, 0.986299991607666, 0.986299991607666, 0.986299991607666, 0.986299991607666, 0.986299991607666, 0.986299991607666, 0.986299991607666, 0.986299991607666], "val_loss": [0.11896398663520813, 0.09528851509094238, 0.09524760395288467, 0.11364021897315979, 0.09332287311553955, 0.08461841195821762, 0.10062230378389359, 0.11258085072040558, 0.1201862320303917, 0.10979388654232025, 0.09349753707647324, 0.11760497838258743, 0.0982099324464798, 0.11882321536540985, 0.12097735702991486, 0.13551732897758484, 0.16931307315826416, 0.1166805550456047, 0.14376771450042725, 0.12005900591611862, 0.16275523602962494, 0.15826453268527985, 0.15893496572971344, 0.15862561762332916, 0.18318632245063782, 0.19139695167541504, 0.17912569642066956, 0.20542795956134796, 0.2141338437795639, 0.19784581661224365, 0.2082454413175583, 0.22238540649414062, 0.22714237868785858, 0.24011191725730896, 0.23193342983722687, 0.24303996562957764, 0.26211419701576233, 0.25313735008239746, 0.26164013147354126, 0.26558685302734375, 0.28894495964050293, 0.2850015163421631, 0.29503095149993896, 0.2953920066356659, 0.2986314296722412, 0.2992069721221924, 0.30005428194999695, 0.29984503984451294, 0.30662572383880615, 0.3125196695327759, 0.3147546947002411, 0.3170028626918793, 0.31866011023521423, 0.31890869140625, 0.31492432951927185, 0.3173818588256836, 0.3202534317970276, 0.3219788670539856, 0.32472601532936096, 0.3257150650024414, 0.32797232270240784, 0.3292192816734314, 0.3304283618927002, 0.33170607686042786, 0.33248668909072876, 0.3329536020755768, 0.33299124240875244, 0.3333945870399475, 0.33452558517456055, 0.3349917232990265, 0.33495938777923584, 0.33528977632522583, 0.3351200222969055, 0.33548703789711, 0.3357863426208496, 0.3360203504562378, 0.3364523947238922, 0.33671900629997253, 0.33710137009620667, 0.33714810013771057, 0.33726799488067627, 0.3374113142490387, 0.33780574798583984, 0.33787205815315247, 0.3382301330566406, 0.3384005129337311, 0.33847281336784363, 0.33845239877700806, 0.3384547233581543, 0.33849671483039856, 0.3385451138019562, 0.33866292238235474, 0.33869749307632446, 0.3387746512889862, 0.3387705683708191, 0.3387955129146576, 0.3387701213359833, 0.3387812077999115, 0.33880096673965454, 0.33881500363349915],