{"acc": [0.9446499943733215, 0.9457666873931885, 0.9456833600997925, 0.9456833600997925, 0.9471499919891357, 0.947866678237915, 0.9471666812896729, 0.9480666518211365, 0.9482333064079285, 0.9472666382789612, 0.9493833184242249, 0.9492499828338623, 0.9497666954994202, 0.9498000144958496, 0.9495000243186951, 0.9507333040237427, 0.9497166872024536, 0.9513499736785889, 0.9516833424568176, 0.9520166516304016, 0.9511500000953674, 0.9517666697502136, 0.9517999887466431, 0.9526500105857849, 0.9521499872207642, 0.9528499841690063, 0.9524499773979187, 0.9538999795913696, 0.9535999894142151, 0.9534666538238525, 0.9545833468437195, 0.9558666944503784, 0.9551833271980286, 0.9542666673660278, 0.9556333422660828, 0.9545333385467529, 0.95496666431427, 0.955299973487854, 0.9554333090782166, 0.9549499750137329, 0.9561499953269958, 0.9568166732788086, 0.9557999968528748, 0.9569666385650635, 0.9569166898727417, 0.9569666385650635, 0.9572166800498962, 0.9575333595275879, 0.9581166505813599, 0.9576833248138428, 0.956933319568634, 0.9576166868209839, 0.9588333368301392, 0.9593166708946228, 0.958216667175293, 0.9576833248138428, 0.958733320236206, 0.9592999815940857, 0.9594166874885559, 0.9601333141326904, 0.9587166905403137, 0.9592999815940857, 0.9597499966621399, 0.9596333503723145, 0.9602833390235901, 0.9599000215530396, 0.9612166881561279, 0.9605166912078857, 0.9599999785423279, 0.9607999920845032, 0.9616166949272156, 0.9610666632652283, 0.9616166949272156, 0.9611999988555908, 0.9617999792098999, 0.9620000123977661, 0.9617833495140076, 0.9623833298683167, 0.9628000259399414, 0.9617999792098999, 0.9623833298683167, 0.9623833298683167, 0.9623333215713501, 0.9626166820526123, 0.9628833532333374, 0.9637500047683716, 0.9631500244140625, 0.9640666842460632, 0.9629666805267334, 0.9635999798774719, 0.9636666774749756, 0.9637666940689087, 0.9625833630561829, 0.9642833471298218, 0.9641833305358887, 0.9641666412353516, 0.9643166661262512, 0.9642166495323181, 0.963533341884613, 0.9645000100135803], "loss": [0.19561009109020233, 0.1938333660364151, 0.19469982385635376, 0.19516779482364655, 0.19080603122711182, 0.18863561749458313, 0.18811765313148499, 0.18722829222679138, 0.18494977056980133, 0.18836341798305511, 0.18317748606204987, 0.18282301723957062, 0.18155959248542786, 0.18080760538578033, 0.18072015047073364, 0.17875196039676666, 0.17802514135837555, 0.17720989882946014, 0.176393523812294, 0.17409536242485046, 0.17372223734855652, 0.17369377613067627, 0.17406615614891052, 0.1698048710823059, 0.1704730987548828, 0.17040428519248962, 0.17019301652908325, 0.16803476214408875, 0.1674700230360031, 0.16742226481437683, 0.16574187576770782, 0.16404961049556732, 0.16204555332660675, 0.1641301065683365, 0.161734938621521, 0.16200385987758636, 0.16214515268802643, 0.16080845892429352, 0.1588875949382782, 0.15911057591438293, 0.15807275474071503, 0.15657655894756317, 0.15803171694278717, 0.1561034768819809, 0.15557526051998138, 0.1536787748336792, 0.15415170788764954, 0.15185165405273438, 0.15215599536895752, 0.1520138829946518, 0.1521994024515152, 0.15035457909107208, 0.14841927587985992, 0.1491297334432602, 0.1482485979795456, 0.14919023215770721, 0.14752191305160522, 0.14654818177223206, 0.1470663696527481, 0.1452196091413498, 0.14768947660923004, 0.1456102877855301, 0.14371784031391144, 0.1436893492937088, 0.142295241355896, 0.14388522505760193, 0.14102858304977417, 0.14093494415283203, 0.14175951480865479, 0.14051668345928192, 0.13909807801246643, 0.13965019583702087, 0.13878417015075684, 0.13856922090053558, 0.13827021420001984, 0.1379474401473999, 0.13777503371238708, 0.138404980301857, 0.13456952571868896, 0.13582749664783478, 0.13578693568706512, 0.13499779999256134, 0.13397535681724548, 0.13451163470745087, 0.1344604790210724, 0.1318332552909851, 0.1338254064321518, 0.13223206996917725, 0.13207228481769562, 0.1313762217760086, 0.13158224523067474, 0.13052618503570557, 0.13339363038539886, 0.12918803095817566, 0.13114742934703827, 0.12918591499328613, 0.12885785102844238, 0.127861887216568, 0.1280493438243866, 0.12698335945606232], "val_acc": [0.9571999907493591, 0.9574999809265137, 0.9581000208854675, 0.9581999778747559, 0.9585000276565552, 0.9588000178337097, 0.9587000012397766, 0.9588000178337097, 0.958899974822998, 0.9592000246047974, 0.9592999815940857, 0.9595999717712402, 0.9596999883651733, 0.9595000147819519, 0.9599000215530396, 0.9596999883651733, 0.960099995136261, 0.9605000019073486, 0.9599999785423279, 0.960099995136261, 0.9603000283241272, 0.9606000185012817, 0.9602000117301941, 0.9606999754905701, 0.9607999920845032, 0.9613000154495239, 0.9614999890327454, 0.961899995803833, 0.9617000222206116, 0.9620000123977661, 0.9620000123977661, 0.9620000123977661, 0.9623000025749207, 0.9620000123977661, 0.9621999859809875, 0.9623000025749207, 0.9624000191688538, 0.9624999761581421, 0.9627000093460083, 0.9629999995231628, 0.9628000259399414, 0.9628999829292297, 0.9634000062942505, 0.9631999731063843, 0.963699996471405, 0.9635999798774719, 0.9641000032424927, 0.9641000032424927, 0.9643999934196472, 0.9643999934196472, 0.9646000266075134, 0.9645000100135803, 0.9645000100135803, 0.9642999768257141, 0.9646999835968018, 0.9642999768257141, 0.9645000100135803, 0.9648000001907349, 0.9645000100135803, 0.9650999903678894, 0.964900016784668, 0.9648000001907349, 0.9650999903678894, 0.9652000069618225, 0.9653000235557556, 0.9650999903678894, 0.9657999873161316, 0.9659000039100647, 0.9661999940872192, 0.9663000106811523, 0.9657999873161316, 0.9660999774932861, 0.9663000106811523, 0.9660000205039978, 0.9663000106811523, 0.9664000272750854, 0.9663000106811523, 0.9664999842643738, 0.9670000076293945, 0.96670001745224, 0.9667999744415283, 0.9670000076293945, 0.9670000076293945, 0.9671000242233276, 0.9671000242233276, 0.967199981212616, 0.9674000144004822, 0.9675999879837036, 0.9674999713897705, 0.9675999879837036, 0.9675999879837036, 0.9674000144004822, 0.9674999713897705, 0.9678000211715698, 0.9681000113487244, 0.9679999947547913, 0.9678000211715698, 0.9682000279426575, 0.9682999849319458, 0.9682000279426575],