{"acc": [0.10161666572093964, 0.10173333436250687, 0.10520000010728836, 0.1074666678905487, 0.11028333008289337, 0.10971666872501373, 0.11106666922569275, 0.11084999889135361, 0.11091666668653488, 0.11108333617448807, 0.11264999955892563, 0.11143333464860916, 0.1121833324432373, 0.11180000007152557, 0.11216666549444199, 0.11256666481494904, 0.11233333498239517, 0.11203332990407944, 0.11235000193119049, 0.11223333328962326, 0.11228333413600922, 0.11251666396856308, 0.11235000193119049, 0.11251666396856308, 0.11183333396911621, 0.11216666549444199, 0.11241666972637177, 0.11209999769926071, 0.11196666955947876, 0.11233333498239517, 0.11225000023841858, 0.11233333498239517, 0.11235000193119049, 0.11221666634082794, 0.11231666803359985, 0.11216666549444199, 0.11223333328962326, 0.1121833324432373, 0.11249999701976776, 0.11228333413600922, 0.11241666972637177, 0.11228333413600922, 0.11219999939203262, 0.11258333176374435, 0.11233333498239517, 0.11228333413600922, 0.1121833324432373, 0.11211666464805603, 0.11216666549444199, 0.11216666549444199, 0.11223333328962326, 0.1120833307504654, 0.11216666549444199, 0.1122666671872139, 0.11211666464805603, 0.11219999939203262, 0.11254999786615372, 0.11240000277757645, 0.11233333498239517, 0.11240000277757645, 0.11230000108480453, 0.11209999769926071, 0.11228333413600922, 0.11238333582878113, 0.11235000193119049, 0.11251666396856308, 0.11251666396856308, 0.11211666464805603, 0.11206666380167007, 0.11241666972637177, 0.11235000193119049, 0.1124500036239624, 0.11228333413600922, 0.1122666671872139, 0.11240000277757645, 0.11228333413600922, 0.1122666671872139, 0.11231666803359985, 0.11230000108480453, 0.11241666972637177, 0.11246666312217712, 0.11246666312217712, 0.11233333498239517, 0.1125333309173584, 0.11219999939203262, 0.11206666380167007, 0.11225000023841858, 0.11251666396856308, 0.11219999939203262, 0.11246666312217712, 0.1124500036239624, 0.11231666803359985, 0.11223333328962326, 0.11213333159685135, 0.11235000193119049, 0.11235000193119049, 0.11241666972637177, 0.1122666671872139, 0.11236666887998581, 0.11238333582878113], "loss": [2.3026366233825684, 2.302424907684326, 2.3022758960723877, 2.3021352291107178, 2.301955461502075, 2.3019957542419434, 2.3018906116485596, 2.301868438720703, 2.301814556121826, 2.301811695098877, 2.3017067909240723, 2.3016748428344727, 2.3017094135284424, 2.3016629219055176, 2.301647424697876, 2.3015711307525635, 2.301602602005005, 2.3016464710235596, 2.3015859127044678, 2.3015198707580566, 2.301654100418091, 2.301546096801758, 2.30151629447937, 2.301501512527466, 2.3015105724334717, 2.301483392715454, 2.3014867305755615, 2.301456928253174, 2.301548480987549, 2.3015406131744385, 2.301401376724243, 2.301494836807251, 2.3014914989471436, 2.3014872074127197, 2.3015286922454834, 2.301501989364624, 2.301527500152588, 2.3014841079711914, 2.30143141746521, 2.301366090774536, 2.3014848232269287, 2.3015053272247314, 2.3014564514160156, 2.301435947418213, 2.3014957904815674, 2.3014771938323975, 2.3014509677886963, 2.3014578819274902, 2.3014142513275146, 2.3015992641448975, 2.301398277282715, 2.3014302253723145, 2.3014116287231445, 2.301452398300171, 2.301406145095825, 2.3014159202575684, 2.3013815879821777, 2.301408529281616, 2.301499843597412, 2.3014752864837646, 2.3015403747558594, 2.301513910293579, 2.301486015319824, 2.3014752864837646, 2.301492929458618, 2.301377534866333, 2.3013370037078857, 2.3013954162597656, 2.301457405090332, 2.3014907836914062, 2.3015103340148926, 2.301548480987549, 2.3014559745788574, 2.3014590740203857, 2.3014824390411377, 2.3014659881591797, 2.3014369010925293, 2.3014721870422363, 2.301508665084839, 2.3015317916870117, 2.3015685081481934, 2.301466464996338, 2.3014447689056396, 2.301480293273926, 2.3015341758728027, 2.301481246948242, 2.3014302253723145, 2.3014776706695557, 2.301435947418213, 2.301469087600708, 2.3014638423919678, 2.3014590740203857, 2.3014328479766846, 2.301499843597412, 2.3014919757843018, 2.3015100955963135, 2.3014636039733887, 2.301379680633545, 2.3014397621154785, 2.301468849182129], "val_acc": [0.10320000350475311, 0.11349999904632568, 0.11349999904632568, 0.11349999904632568, 0.11349999904632568, 0.11349999904632568, 0.11349999904632568, 0.11349999904632568, 0.11349999904632568, 0.11349999904632568, 0.11349999904632568, 0.11349999904632568, 0.11349999904632568, 0.11349999904632568, 0.11349999904632568, 0.11349999904632568, 0.11349999904632568, 0.11349999904632568, 0.11349999904632568, 0.11349999904632568, 0.11349999904632568, 0.11349999904632568, 0.11349999904632568, 0.11349999904632568, 0.11349999904632568, 0.11349999904632568, 0.11349999904632568, 0.11349999904632568, 0.11349999904632568, 0.11349999904632568, 0.11349999904632568, 0.11349999904632568, 0.11349999904632568, 0.11349999904632568, 0.11349999904632568, 0.11349999904632568, 0.11349999904632568, 0.11349999904632568, 0.11349999904632568, 0.11349999904632568, 0.11349999904632568, 0.11349999904632568, 0.11349999904632568, 0.11349999904632568, 0.11349999904632568, 0.11349999904632568, 0.11349999904632568, 0.11349999904632568, 0.11349999904632568, 0.11349999904632568, 0.11349999904632568, 0.11349999904632568, 0.11349999904632568, 0.11349999904632568, 0.11349999904632568, 0.11349999904632568, 0.11349999904632568, 0.11349999904632568, 0.11349999904632568, 0.11349999904632568, 0.11349999904632568, 0.11349999904632568, 0.11349999904632568, 0.11349999904632568, 0.11349999904632568, 0.11349999904632568, 0.11349999904632568, 0.11349999904632568, 0.11349999904632568, 0.11349999904632568, 0.11349999904632568, 0.11349999904632568, 0.11349999904632568, 0.11349999904632568, 0.11349999904632568, 0.11349999904632568, 0.11349999904632568, 0.11349999904632568, 0.11349999904632568, 0.11349999904632568, 0.11349999904632568, 0.11349999904632568, 0.11349999904632568, 0.11349999904632568, 0.11349999904632568, 0.11349999904632568, 0.11349999904632568, 0.11349999904632568, 0.11349999904632568, 0.11349999904632568, 0.11349999904632568, 0.11349999904632568, 0.11349999904632568, 0.11349999904632568, 0.11349999904632568, 0.11349999904632568, 0.11349999904632568, 0.11349999904632568, 0.11349999904632568, 0.11349999904632568],