{"acc": [0.7472500205039978, 0.8588166832923889, 0.8758000135421753, 0.883899986743927, 0.8906499743461609, 0.8946166634559631, 0.8985999822616577, 0.9001500010490417, 0.9034833312034607, 0.9059333205223083, 0.9083166718482971, 0.9107333421707153, 0.9120500087738037, 0.9135833382606506, 0.9145833253860474, 0.9164166450500488, 0.9184333086013794, 0.9185500144958496, 0.9199833273887634, 0.9226333498954773, 0.9223666787147522, 0.9234833121299744, 0.9252499938011169, 0.9242333173751831, 0.925849974155426, 0.9258166551589966, 0.927133321762085, 0.9279166460037231, 0.927566647529602, 0.9279666543006897, 0.9281666874885559, 0.9296333193778992, 0.9285666942596436, 0.9291666746139526, 0.9297999739646912, 0.9287333488464355, 0.9290000200271606, 0.9294333457946777, 0.9287833571434021, 0.9293833374977112, 0.9304333329200745, 0.9303833246231079, 0.9301666617393494, 0.9304333329200745, 0.9294833540916443, 0.9310500025749207, 0.9309666752815247, 0.9299166798591614, 0.9300500154495239, 0.9304999709129333, 0.9302833080291748, 0.9309999942779541, 0.9311666488647461, 0.930816650390625, 0.9296166896820068, 0.9308500289916992, 0.9303500056266785, 0.9310500025749207, 0.9306666851043701, 0.9304500222206116, 0.9307166934013367, 0.9306833148002625, 0.9296666383743286, 0.9312999844551086, 0.9317833185195923, 0.9318000078201294, 0.9300333261489868, 0.9302999973297119, 0.9310833215713501, 0.9306166768074036, 0.930733323097229, 0.9311500191688538, 0.9306166768074036, 0.930483341217041, 0.930733323097229, 0.9311500191688538, 0.9314000010490417, 0.930816650390625, 0.9308500289916992, 0.9310166835784912, 0.9309666752815247, 0.9299666881561279, 0.9312333464622498, 0.9310500025749207, 0.930400013923645, 0.9294999837875366, 0.9306666851043701, 0.930649995803833, 0.9299333095550537, 0.9305833578109741, 0.9301333427429199, 0.9317833185195923, 0.9307166934013367, 0.9305833578109741, 0.9316333532333374, 0.9304333329200745, 0.9305166602134705, 0.9313166737556458, 0.9301499724388123, 0.9312333464622498], "loss": [0.869738757610321, 0.4932061731815338, 0.43119293451309204, 0.40073493123054504, 0.37550702691078186, 0.3621380627155304, 0.34851428866386414, 0.34077349305152893, 0.3336552679538727, 0.3224465847015381, 0.3181455135345459, 0.30988621711730957, 0.30340465903282166, 0.29688966274261475, 0.29189908504486084, 0.28859826922416687, 0.28351810574531555, 0.2787764370441437, 0.27445781230926514, 0.26995849609375, 0.26813313364982605, 0.26177746057510376, 0.2602826952934265, 0.2611123323440552, 0.2563738226890564, 0.2544613778591156, 0.2531142830848694, 0.2517702877521515, 0.2514570355415344, 0.24667111039161682, 0.24787557125091553, 0.24447624385356903, 0.24598149955272675, 0.24561171233654022, 0.2444281131029129, 0.244066059589386, 0.24379827082157135, 0.2435055375099182, 0.24372270703315735, 0.24240581691265106, 0.2414567768573761, 0.24220192432403564, 0.24061176180839539, 0.24154996871948242, 0.24112604558467865, 0.2393328994512558, 0.2404589205980301, 0.24044016003608704, 0.24001634120941162, 0.23929929733276367, 0.2412572205066681, 0.24023528397083282, 0.2388983815908432, 0.2380257546901703, 0.23988427221775055, 0.23924919962882996, 0.23756442964076996, 0.23946648836135864, 0.23983119428157806, 0.23952117562294006, 0.2405293881893158, 0.24081021547317505, 0.24048364162445068, 0.23850300908088684, 0.23811323940753937, 0.23768103122711182, 0.23964719474315643, 0.24065397679805756, 0.23948903381824493, 0.23872564733028412, 0.2398194521665573, 0.23861439526081085, 0.23849846422672272, 0.2410581409931183, 0.2388344556093216, 0.23917272686958313, 0.23859475553035736, 0.24054691195487976, 0.2384464293718338, 0.23956899344921112, 0.23922482132911682, 0.2395947277545929, 0.23909950256347656, 0.23781265318393707, 0.2400517761707306, 0.24065107107162476, 0.24018335342407227, 0.23816779255867004, 0.24061965942382812, 0.2387564480304718, 0.24007472395896912, 0.23911672830581665, 0.23970948159694672, 0.23802810907363892, 0.24005867540836334, 0.2389436513185501, 0.24059690535068512, 0.23943547904491425, 0.2406046986579895, 0.2377595752477646], "val_acc": [0.8871999979019165, 0.9020000100135803, 0.9083999991416931, 0.9129999876022339, 0.9172999858856201, 0.9196000099182129, 0.9211999773979187, 0.9236000180244446, 0.9259999990463257, 0.9276999831199646, 0.9277999997138977, 0.929099977016449, 0.9308000206947327, 0.9318000078201294, 0.9325000047683716, 0.9330000281333923, 0.9340999722480774, 0.9347000122070312, 0.9361000061035156, 0.9359999895095825, 0.9369999766349792, 0.9381999969482422, 0.9386000037193298, 0.9383999705314636, 0.939300000667572, 0.9398000240325928, 0.9401999711990356, 0.9401999711990356, 0.9401999711990356, 0.9406999945640564, 0.9408000111579895, 0.941100001335144, 0.9412000179290771, 0.9412999749183655, 0.9416000247001648, 0.9420999884605408, 0.9422000050544739, 0.9419000148773193, 0.9420999884605408, 0.9420999884605408, 0.9422000050544739, 0.9419999718666077, 0.9419000148773193, 0.9419000148773193, 0.9423999786376953, 0.9419999718666077, 0.9423999786376953, 0.9423999786376953, 0.942300021648407, 0.9424999952316284, 0.942300021648407, 0.942300021648407, 0.9423999786376953, 0.9423999786376953, 0.9423999786376953, 0.9424999952316284, 0.9424999952316284, 0.9424999952316284, 0.9424999952316284, 0.9423999786376953, 0.9424999952316284, 0.9426000118255615, 0.9426000118255615, 0.9426000118255615, 0.9426000118255615, 0.9426000118255615, 0.9426000118255615, 0.9426000118255615, 0.9426000118255615, 0.9426000118255615, 0.9426000118255615, 0.9424999952316284, 0.9424999952316284, 0.9424999952316284, 0.9424999952316284, 0.9424999952316284, 0.9424999952316284, 0.9426000118255615, 0.9426000118255615, 0.9426000118255615, 0.9426000118255615, 0.9426000118255615, 0.9426000118255615, 0.9426000118255615, 0.9426000118255615, 0.9426000118255615, 0.9426000118255615, 0.9426000118255615, 0.9426000118255615, 0.9426000118255615, 0.9426000118255615, 0.9426000118255615, 0.9426000118255615, 0.9426000118255615, 0.9426000118255615, 0.9426000118255615, 0.9426000118255615, 0.9426000118255615, 0.9426000118255615, 0.9426000118255615],