{"acc": [0.7421500086784363, 0.8537833094596863, 0.87336665391922, 0.8845000267028809, 0.8898833394050598, 0.8938833475112915, 0.8978333473205566, 0.9008166790008545, 0.9035166501998901, 0.9064333438873291, 0.9085833430290222, 0.9094666838645935, 0.9106000065803528, 0.9128833413124084, 0.9134833216667175, 0.9164666533470154, 0.9172666668891907, 0.9190833568572998, 0.9210333228111267, 0.9209499955177307, 0.9213666915893555, 0.9220666885375977, 0.9227499961853027, 0.9243833422660828, 0.9247000217437744, 0.9261166453361511, 0.9263499975204468, 0.9263499975204468, 0.9272000193595886, 0.9265833497047424, 0.9273166656494141, 0.9276333451271057, 0.9277833104133606, 0.9294333457946777, 0.9281666874885559, 0.928849995136261, 0.9294499754905701, 0.9296333193778992, 0.9289166927337646, 0.9294333457946777, 0.9302166700363159, 0.9295333623886108, 0.9292333126068115, 0.9289000034332275, 0.9299333095550537, 0.9288833141326904, 0.9301499724388123, 0.9293166399002075, 0.9293333292007446, 0.9284499883651733, 0.9293333292007446, 0.9292833209037781, 0.9299499988555908, 0.9300666451454163, 0.9291333556175232, 0.9287999868392944, 0.9287333488464355, 0.9285833239555359, 0.9304166436195374, 0.9294000267982483, 0.9297666549682617, 0.9293833374977112, 0.9298499822616577, 0.9300833344459534, 0.9292333126068115, 0.9302499890327454, 0.9287499785423279, 0.930316686630249, 0.9311666488647461, 0.9283499717712402, 0.9304166436195374, 0.9294999837875366, 0.9307000041007996, 0.9297166466712952, 0.9294666647911072, 0.9296500086784363, 0.9298166632652283, 0.9301333427429199, 0.9299666881561279, 0.9300666451454163, 0.9301000237464905, 0.9294499754905701, 0.9298166632652283, 0.9304666519165039, 0.9286500215530396, 0.9294166564941406, 0.9303833246231079, 0.9308333396911621, 0.9291999936103821, 0.9298333525657654, 0.9300500154495239, 0.9299833178520203, 0.9290666580200195, 0.9301499724388123, 0.9298333525657654, 0.9298499822616577, 0.9287833571434021, 0.9303833246231079, 0.9295166730880737, 0.9296500086784363], "loss": [0.913506031036377, 0.5224031805992126, 0.4473276138305664, 0.41433343291282654, 0.3887590169906616, 0.3734147250652313, 0.3567621111869812, 0.3471427261829376, 0.33546149730682373, 0.32659247517585754, 0.31952518224716187, 0.3165128827095032, 0.30961233377456665, 0.3017287254333496, 0.2988925874233246, 0.29347366094589233, 0.2874549925327301, 0.2822304964065552, 0.27820536494255066, 0.2754455804824829, 0.27199289202690125, 0.26992395520210266, 0.2674085199832916, 0.2636619508266449, 0.2621716558933258, 0.2573390603065491, 0.25908610224723816, 0.25697097182273865, 0.25377407670021057, 0.2536146938800812, 0.25153666734695435, 0.25097471475601196, 0.2506912350654602, 0.24984806776046753, 0.25071942806243896, 0.24887849390506744, 0.24936525523662567, 0.2471403032541275, 0.24787528812885284, 0.24651750922203064, 0.24648945033550262, 0.24626225233078003, 0.2462475597858429, 0.24727219343185425, 0.2464754283428192, 0.24757535755634308, 0.24533914029598236, 0.2456909716129303, 0.24608971178531647, 0.2477121651172638, 0.24539101123809814, 0.24497850239276886, 0.24578553438186646, 0.24583645164966583, 0.24498243629932404, 0.2452256828546524, 0.24488937854766846, 0.2469700574874878, 0.24372252821922302, 0.24530678987503052, 0.2437887191772461, 0.2451380491256714, 0.24547532200813293, 0.24529017508029938, 0.24542118608951569, 0.24300312995910645, 0.246768057346344, 0.24252112209796906, 0.2430320531129837, 0.2442203015089035, 0.24406105279922485, 0.24501560628414154, 0.2440338432788849, 0.2442394495010376, 0.24597515165805817, 0.24449339509010315, 0.2444610297679901, 0.24453535676002502, 0.24259409308433533, 0.2450316995382309, 0.24306952953338623, 0.2448273003101349, 0.24533198773860931, 0.243534117937088, 0.24529363214969635, 0.24478277564048767, 0.24341174960136414, 0.24339793622493744, 0.24500705301761627, 0.2441108673810959, 0.24309265613555908, 0.24416038393974304, 0.24590414762496948, 0.24491767585277557, 0.2448839545249939, 0.2439359724521637, 0.24436578154563904, 0.24320237338542938, 0.24434834718704224, 0.24417844414710999], "val_acc": [0.8758999705314636, 0.8930000066757202, 0.9020000100135803, 0.9077000021934509, 0.9118000268936157, 0.9147999882698059, 0.9164000153541565, 0.9193000197410583, 0.9214000105857849, 0.9228000044822693, 0.9233999848365784, 0.9248999953269958, 0.9257000088691711, 0.9264000058174133, 0.9269000291824341, 0.9276000261306763, 0.9282000064849854, 0.9294999837875366, 0.9300000071525574, 0.9307000041007996, 0.932200014591217, 0.9326000213623047, 0.9337999820709229, 0.9348000288009644, 0.9354000091552734, 0.9361000061035156, 0.9358000159263611, 0.9359999895095825, 0.9363999962806702, 0.9365000128746033, 0.9366000294685364, 0.9369999766349792, 0.9370999932289124, 0.9369999766349792, 0.9370999932289124, 0.9369000196456909, 0.9373999834060669, 0.9370999932289124, 0.9375, 0.9375, 0.9376000165939331, 0.9375, 0.9375, 0.9376000165939331, 0.9377999901771545, 0.9377999901771545, 0.9375, 0.9375, 0.9373999834060669, 0.9375, 0.9375, 0.9376999735832214, 0.9375, 0.9375, 0.9376999735832214, 0.9376999735832214, 0.9376999735832214, 0.9376000165939331, 0.9376000165939331, 0.9376999735832214, 0.9377999901771545, 0.9377999901771545, 0.9377999901771545, 0.9377999901771545, 0.9379000067710876, 0.9377999901771545, 0.9377999901771545, 0.9377999901771545, 0.9377999901771545, 0.9377999901771545, 0.9377999901771545, 0.9377999901771545, 0.9377999901771545, 0.9377999901771545, 0.9377999901771545, 0.9377999901771545, 0.9377999901771545, 0.9377999901771545, 0.9377999901771545, 0.9377999901771545, 0.9377999901771545, 0.9377999901771545, 0.9377999901771545, 0.9377999901771545, 0.9377999901771545, 0.9377999901771545, 0.9377999901771545, 0.9377999901771545, 0.9377999901771545, 0.9377999901771545, 0.9377999901771545, 0.9377999901771545, 0.9377999901771545, 0.9377999901771545, 0.9377999901771545, 0.9377999901771545, 0.9377999901771545, 0.9377999901771545, 0.9377999901771545, 0.9377999901771545],