{"acc": [0.970300018787384, 0.9709333181381226, 0.9706166386604309, 0.9716833233833313, 0.9717333316802979, 0.9716833233833313, 0.9711833596229553, 0.9711499810218811, 0.9712333083152771, 0.9720500111579895, 0.9720166921615601, 0.971750020980835, 0.9722499847412109, 0.972683310508728, 0.9728166460990906, 0.9729666709899902, 0.9731000065803528, 0.9734333157539368, 0.9732666611671448, 0.9728666543960571, 0.9735000133514404, 0.9739833474159241, 0.9733166694641113, 0.9735999703407288, 0.9739333391189575, 0.9741166830062866, 0.9739999771118164, 0.9746000170707703, 0.9743499755859375, 0.9747166633605957, 0.9746833443641663, 0.9747333526611328, 0.9747833609580994, 0.9746999740600586, 0.974399983882904, 0.9747166633605957, 0.9752333164215088, 0.9752833247184753, 0.9752500057220459, 0.9757333397865295, 0.9756166934967041, 0.9762333035469055, 0.9758166670799255, 0.9753333330154419, 0.9760833382606506, 0.975849986076355, 0.9759833216667175, 0.9754499793052673, 0.9760500192642212, 0.9759666919708252, 0.9759166836738586, 0.9753333330154419, 0.9758999943733215, 0.9768499732017517, 0.9760833382606506, 0.9768999814987183, 0.9768333435058594, 0.9764666557312012, 0.9769166707992554, 0.9770833253860474, 0.9771166443824768, 0.9769333600997925, 0.9771000146865845, 0.9773333072662354, 0.9771666526794434, 0.9771999716758728, 0.9767333269119263, 0.977483332157135, 0.977150022983551, 0.9775333404541016, 0.9777833223342896, 0.9771333336830139, 0.9772999882698059, 0.9775833487510681, 0.9781666398048401, 0.9769499897956848, 0.9775333404541016, 0.9772166609764099, 0.977816641330719, 0.9785333275794983, 0.9776666760444641, 0.9779833555221558, 0.978766679763794, 0.9778000116348267, 0.9778000116348267, 0.9778833389282227, 0.977733314037323, 0.9786666631698608, 0.9783666729927063, 0.9781166911125183, 0.9785833358764648, 0.9782999753952026, 0.9787166714668274, 0.978950023651123, 0.9775333404541016, 0.9790499806404114, 0.9793999791145325, 0.9782500267028809, 0.9786499738693237, 0.9782999753952026], "loss": [0.09527898579835892, 0.09454064816236496, 0.09533058106899261, 0.09382268041372299, 0.09243989735841751, 0.09365510195493698, 0.09231124073266983, 0.09210270643234253, 0.09201066941022873, 0.09134624153375626, 0.09115812927484512, 0.09024379402399063, 0.09056995809078217, 0.0901043713092804, 0.08824233710765839, 0.08739759773015976, 0.08854581415653229, 0.08793684095144272, 0.08725499361753464, 0.08706430345773697, 0.08581166714429855, 0.08647061884403229, 0.08537758886814117, 0.08519842475652695, 0.08491037040948868, 0.08446565270423889, 0.08432497084140778, 0.08271441608667374, 0.08337023109197617, 0.08290769159793854, 0.08281382918357849, 0.08282767981290817, 0.08305788040161133, 0.08235178142786026, 0.08231372386217117, 0.08149082958698273, 0.08089429885149002, 0.08213469386100769, 0.08072598278522491, 0.0794222354888916, 0.07974980026483536, 0.07893424481153488, 0.07956650108098984, 0.07915860414505005, 0.07806441187858582, 0.0786905363202095, 0.07917887717485428, 0.07790492475032806, 0.0779619887471199, 0.07792708277702332, 0.07842394709587097, 0.07795286178588867, 0.07708615064620972, 0.07699834555387497, 0.07654433697462082, 0.07702869921922684, 0.07650203257799149, 0.07646144181489944, 0.07511846721172333, 0.07497334480285645, 0.0745842233300209, 0.07504581660032272, 0.07483670860528946, 0.07476729154586792, 0.0742332711815834, 0.07402043789625168, 0.07380316406488419, 0.07356955111026764, 0.07438042014837265, 0.07369370013475418, 0.07324519753456116, 0.073464535176754, 0.07347110658884048, 0.07359921932220459, 0.0711699053645134, 0.07365957647562027, 0.07304742187261581, 0.07227467745542526, 0.07215017080307007, 0.07091596722602844, 0.07294195890426636, 0.0713895782828331, 0.07092568278312683, 0.0717485249042511, 0.07162652164697647, 0.07047419250011444, 0.07130229473114014, 0.07009438425302505, 0.07082350552082062, 0.07112415134906769, 0.06972674280405045, 0.07006383687257767, 0.0695890262722969, 0.06955239176750183, 0.07111389935016632, 0.06966547667980194, 0.06882663816213608, 0.06883597373962402, 0.06901644170284271, 0.06818529218435287], "val_acc": [0.9776999950408936, 0.9779000282287598, 0.9779999852180481, 0.9783999919891357, 0.9782000184059143, 0.9782999753952026, 0.9785000085830688, 0.9782999753952026, 0.9787999987602234, 0.9787999987602234, 0.9786999821662903, 0.9789000153541565, 0.9789000153541565, 0.9789000153541565, 0.9793000221252441, 0.9796000123023987, 0.9793999791145325, 0.9793999791145325, 0.9796000123023987, 0.9797000288963318, 0.9797999858856201, 0.9800000190734863, 0.9799000024795532, 0.9797999858856201, 0.9800999760627747, 0.9800999760627747, 0.9797999858856201, 0.9803000092506409, 0.980400025844574, 0.9807000160217285, 0.9804999828338623, 0.9807000160217285, 0.9807999730110168, 0.9807999730110168, 0.98089998960495, 0.9807999730110168, 0.9810000061988831, 0.9810000061988831, 0.9807999730110168, 0.9812999963760376, 0.9811000227928162, 0.9811999797821045, 0.9814000129699707, 0.9811999797821045, 0.9812999963760376, 0.9814000129699707, 0.9818000197410583, 0.9814000129699707, 0.9811000227928162, 0.9815999865531921, 0.9817000031471252, 0.9817000031471252, 0.9818000197410583, 0.9815999865531921, 0.9818000197410583, 0.9818000197410583, 0.9818999767303467, 0.9819999933242798, 0.982200026512146, 0.9818999767303467, 0.9819999933242798, 0.9824000000953674, 0.9822999835014343, 0.9824000000953674, 0.9822999835014343, 0.9822999835014343, 0.9824000000953674, 0.9824000000953674, 0.9822999835014343, 0.9824000000953674, 0.9825999736785889, 0.982699990272522, 0.982699990272522, 0.9825000166893005, 0.9825000166893005, 0.982699990272522, 0.9828000068664551, 0.9829999804496765, 0.9829000234603882, 0.9829999804496765, 0.9829999804496765, 0.9830999970436096, 0.9830999970436096, 0.9830999970436096, 0.9830999970436096, 0.983299970626831, 0.9833999872207642, 0.9832000136375427, 0.9832000136375427, 0.983299970626831, 0.9829999804496765, 0.9835000038146973, 0.9833999872207642, 0.983299970626831, 0.9832000136375427, 0.9832000136375427, 0.9832000136375427, 0.9830999970436096, 0.9829999804496765, 0.9835000038146973],