{"acc": [0.19798333942890167, 0.3063666522502899, 0.3634333312511444, 0.4152500033378601, 0.4854666590690613, 0.5789499878883362, 0.6430833339691162, 0.6706333160400391, 0.6876999735832214, 0.7197666764259338, 0.7566333413124084, 0.8050333261489868, 0.8348000049591064, 0.856416642665863, 0.8678333163261414, 0.8865500092506409, 0.899649977684021, 0.9139333367347717, 0.9202666878700256, 0.9311833381652832, 0.9360166788101196, 0.9396499991416931, 0.944599986076355, 0.9475333094596863, 0.9531499743461609, 0.9553833603858948, 0.9563166499137878, 0.9599000215530396, 0.9607999920845032, 0.9613833427429199, 0.9630166888237, 0.965316653251648, 0.9668166637420654, 0.9688833355903625, 0.9701499938964844, 0.9706500172615051, 0.9713500142097473, 0.9731333255767822, 0.973550021648407, 0.9736166596412659, 0.9753999710083008, 0.9754833579063416, 0.9763333201408386, 0.9775166511535645, 0.9779000282287598, 0.9776999950408936, 0.9788833260536194, 0.9791666865348816, 0.9798333048820496, 0.9791833162307739, 0.9799666404724121, 0.9808833599090576, 0.9812999963760376, 0.9810500144958496, 0.9824166893959045, 0.9817333221435547, 0.9837166666984558, 0.982616662979126, 0.9833166599273682, 0.9833333492279053, 0.982366681098938, 0.984250009059906, 0.9845166802406311, 0.9841166734695435, 0.9840499758720398, 0.9847666621208191, 0.9851166605949402, 0.984416663646698, 0.9850166440010071, 0.9850500226020813, 0.9856500029563904, 0.9854833483695984, 0.9857500195503235, 0.9863333106040955, 0.9862666726112366, 0.9861166477203369, 0.9867666959762573, 0.9865333437919617, 0.9869166612625122, 0.9869666695594788, 0.9868333339691162, 0.9865000247955322, 0.9872499704360962, 0.987500011920929, 0.9871333241462708, 0.9870666861534119, 0.9874666929244995, 0.9877166748046875, 0.9876333475112915, 0.9874666929244995, 0.9877833127975464, 0.9883833527565002, 0.988183319568634, 0.9876999855041504, 0.9883666634559631, 0.9882000088691711, 0.9887499809265137, 0.9880499839782715, 0.9886000156402588, 0.9881166815757751], "loss": [2.1383414268493652, 1.6554490327835083, 1.372174620628357, 1.2646920680999756, 1.1520562171936035, 1.0171432495117188, 0.8346647024154663, 0.7258836627006531, 0.6795060038566589, 0.6412845849990845, 0.5908133387565613, 0.5334674715995789, 0.46854251623153687, 0.422249436378479, 0.39018532633781433, 0.3622431755065918, 0.3374008536338806, 0.305307537317276, 0.28622564673423767, 0.26059743762016296, 0.24389740824699402, 0.23054572939872742, 0.21539300680160522, 0.2015414535999298, 0.18251457810401917, 0.1699710190296173, 0.1651548445224762, 0.15314263105392456, 0.14785149693489075, 0.14274266362190247, 0.1377227008342743, 0.1318119764328003, 0.12469775974750519, 0.11769921332597733, 0.11329571902751923, 0.11131327599287033, 0.10543718189001083, 0.10091468691825867, 0.09988106042146683, 0.0982801765203476, 0.09494592994451523, 0.09179482609033585, 0.08921336382627487, 0.08612880110740662, 0.08365485072135925, 0.08410540223121643, 0.0817185714840889, 0.0773932933807373, 0.07403034716844559, 0.07679560780525208, 0.0739789605140686, 0.07133959233760834, 0.06921859830617905, 0.07043071836233139, 0.06570282578468323, 0.06571385264396667, 0.06229357048869133, 0.0646112933754921, 0.06263025850057602, 0.0618964359164238, 0.06388384848833084, 0.05942297726869583, 0.0581478625535965, 0.057234711945056915, 0.057166937738657, 0.05707961320877075, 0.054398439824581146, 0.05737927928566933, 0.054547738283872604, 0.056228846311569214, 0.052459754049777985, 0.05443620681762695, 0.053076889365911484, 0.0512532964348793, 0.05064599961042404, 0.05077619478106499, 0.049224838614463806, 0.05014817416667938, 0.049353308975696564, 0.04921332374215126, 0.04730021208524704, 0.04811050370335579, 0.04722762852907181, 0.04663786292076111, 0.048650242388248444, 0.04698982462286949, 0.04653553292155266, 0.04617748782038689, 0.04481184855103493, 0.04598603397607803, 0.044570036232471466, 0.04346201941370964, 0.043923716992139816, 0.04511775076389313, 0.0429643951356411, 0.04407558590173721, 0.0422857403755188, 0.044365134090185165, 0.04325118660926819, 0.04350610449910164], "val_acc": [0.41850000619888306, 0.4203000068664551, 0.4219000041484833, 0.5210000276565552, 0.6248000264167786, 0.699999988079071, 0.7642999887466431, 0.7350999712944031, 0.8075000047683716, 0.82669997215271, 0.8345000147819519, 0.8942000269889832, 0.8963000178337097, 0.8917999863624573, 0.9473000168800354, 0.9574000239372253, 0.8913999795913696, 0.8938000202178955, 0.8956999778747559, 0.9440000057220459, 0.9664000272750854, 0.9735000133514404, 0.9749000072479248, 0.9757000207901001, 0.9811000227928162, 0.9786999821662903, 0.9793999791145325, 0.9787999987602234, 0.9793999791145325, 0.9739999771118164, 0.9829000234603882, 0.9805999994277954, 0.979200005531311, 0.9814000129699707, 0.9714999794960022, 0.9783999919891357, 0.9732999801635742, 0.9725000262260437, 0.9473999738693237, 0.967199981212616, 0.9747999906539917, 0.9074000120162964, 0.9023000001907349, 0.9031999707221985, 0.9018999934196472, 0.902899980545044, 0.902899980545044, 0.9020000100135803, 0.9024999737739563, 0.9021000266075134, 0.902400016784668, 0.9028000235557556, 0.9028000235557556, 0.902999997138977, 0.902999997138977, 0.9027000069618225, 0.902999997138977, 0.902400016784668, 0.9024999737739563, 0.902400016784668, 0.9067000150680542, 0.9121000170707703, 0.9261000156402588, 0.9036999940872192, 0.9042999744415283, 0.902999997138977, 0.90420001745224, 0.9036999940872192, 0.9100000262260437, 0.9035000205039978, 0.9178000092506409, 0.9057999849319458, 0.9052000045776367, 0.9072999954223633, 0.9398000240325928, 0.9549000263214111, 0.929099977016449, 0.9194999933242798, 0.9294000267982483, 0.9277999997138977, 0.9330000281333923, 0.9207000136375427, 0.9434000253677368, 0.9549000263214111, 0.9617000222206116, 0.9508000016212463, 0.9544000029563904, 0.9617999792098999, 0.9567000269889832, 0.9459999799728394, 0.9319000244140625, 0.9435999989509583, 0.9613999724388123, 0.95660001039505, 0.9602000117301941, 0.9570000171661377, 0.9650999903678894, 0.9606999754905701, 0.9556000232696533, 0.9477999806404114],