{"acc": [0.9825500249862671, 0.984083354473114, 0.9843500256538391, 0.9846833348274231, 0.9856666922569275, 0.986299991607666, 0.9867833256721497, 0.9869999885559082, 0.9871333241462708, 0.9877166748046875, 0.9884833097457886, 0.9885500073432922, 0.9889333248138428, 0.9890999794006348, 0.9890166521072388, 0.9897833466529846, 0.9891999959945679, 0.9903166890144348, 0.9904166460037231, 0.9904166460037231, 0.9903666377067566, 0.9912999868392944, 0.9908999800682068, 0.9909999966621399, 0.9916333556175232, 0.9917500019073486, 0.9916666746139526, 0.9921833276748657, 0.9923333525657654, 0.9924166798591614, 0.9921666383743286, 0.9925166964530945, 0.9929999709129333, 0.9933333396911621, 0.9931666851043701, 0.9934166669845581, 0.9938333630561829, 0.9932833313941956, 0.9937000274658203, 0.9940999746322632, 0.9938499927520752, 0.9936333298683167, 0.9941666722297668, 0.9940833449363708, 0.994350016117096, 0.9942666888237, 0.9942499995231628, 0.9943166375160217, 0.9944999814033508, 0.9944333434104919], "loss": [0.0550214909017086, 0.05224037170410156, 0.051006440073251724, 0.048669248819351196, 0.04582240805029869, 0.04329261928796768, 0.04269726946949959, 0.04180045425891876, 0.040639471262693405, 0.03904401510953903, 0.036870524287223816, 0.03770904615521431, 0.03573174402117729, 0.03537117689847946, 0.03401162847876549, 0.032812509685754776, 0.03294762969017029, 0.030088048428297043, 0.030391713604331017, 0.030214373022317886, 0.02980169467628002, 0.02842254750430584, 0.027827570214867592, 0.02736344002187252, 0.02563534677028656, 0.02544754557311535, 0.025390278548002243, 0.024941077455878258, 0.024369079619646072, 0.022892288863658905, 0.02355446293950081, 0.022690944373607635, 0.021886108443140984, 0.020899483934044838, 0.021024759858846664, 0.020087815821170807, 0.019882475957274437, 0.02008948288857937, 0.018953761085867882, 0.018351078033447266, 0.01891390234231949, 0.018663398921489716, 0.017427947372198105, 0.017850125208497047, 0.01732451654970646, 0.017108971253037453, 0.016448579728603363, 0.01681540720164776, 0.017604084685444832, 0.016155032441020012], "val_acc": [0.9889000058174133, 0.9886999726295471, 0.9890000224113464, 0.989300012588501, 0.9904999732971191, 0.9907000064849854, 0.9912999868392944, 0.9902999997138977, 0.991100013256073, 0.9901000261306763, 0.9912999868392944, 0.9911999702453613, 0.9907000064849854, 0.9921000003814697, 0.9908999800682068, 0.9919999837875366, 0.9922000169754028, 0.9919000267982483, 0.9918000102043152, 0.9919999837875366, 0.9919999837875366, 0.9918000102043152, 0.9905999898910522, 0.9918000102043152, 0.991599977016449, 0.991599977016449, 0.9918000102043152, 0.991599977016449, 0.9916999936103821, 0.9912999868392944, 0.9918000102043152, 0.9922000169754028, 0.9912999868392944, 0.991599977016449, 0.9922999739646912, 0.9918000102043152, 0.9922000169754028, 0.9919999837875366, 0.9923999905586243, 0.9919000267982483, 0.9922999739646912, 0.9916999936103821, 0.9922999739646912, 0.9922000169754028, 0.9921000003814697, 0.9908999800682068, 0.992900013923645, 0.9926999807357788, 0.9927999973297119, 0.9923999905586243], "val_loss": [0.03454609960317612, 0.03377952426671982, 0.033099040389060974, 0.03128359094262123, 0.03294755518436432, 0.030522122979164124, 0.030616993084549904, 0.029884926974773407, 0.028469638898968697, 0.029146462678909302, 0.029047859832644463, 0.02777215652167797, 0.027460265904664993, 0.02579752542078495, 0.02678265981376171, 0.02767927013337612, 0.026498621329665184, 0.026827072724699974, 0.026384688913822174, 0.025760550051927567, 0.026463372632861137, 0.026289938017725945, 0.026455452665686607, 0.027000555768609047, 0.027417922392487526, 0.026049206033349037, 0.026579955592751503, 0.026065997779369354, 0.025516269728541374, 0.02766193263232708, 0.026242922991514206, 0.02611955814063549, 0.025572530925273895, 0.026634259149432182, 0.02679523639380932, 0.02660452574491501, 0.02600516937673092, 0.02535402588546276, 0.023618733510375023, 0.02759544365108013, 0.026370489969849586, 0.02655625343322754, 0.025825705379247665, 0.025876712054014206, 0.026603685691952705, 0.02738848887383938, 0.024978503584861755, 0.02556699700653553, 0.02449902705848217, 0.025647036731243134]}