{"acc": [0.9443833231925964, 0.974566638469696, 0.9794833064079285, 0.9830666780471802, 0.98458331823349, 0.9862499833106995, 0.9868666529655457, 0.9879666566848755, 0.9899666905403137, 0.9894999861717224, 0.9900833368301392, 0.9905666708946228, 0.9908999800682068, 0.9910666942596436, 0.9922000169754028, 0.9922500252723694, 0.9926999807357788, 0.9924166798591614, 0.992983341217041, 0.9936666488647461, 0.9932666420936584, 0.9934333562850952, 0.9948499798774719, 0.9951833486557007, 0.9952999949455261, 0.995199978351593, 0.9954000115394592, 0.9956833124160767, 0.9955000281333923, 0.9964666962623596, 0.9962666630744934, 0.9957500100135803, 0.996916651725769, 0.9970999956130981, 0.9971333146095276, 0.9972333312034607, 0.9972833395004272, 0.9975666403770447, 0.9971833229064941, 0.9974333047866821, 0.9976000189781189, 0.9980000257492065, 0.9983166456222534, 0.9979833364486694, 0.9983000159263611, 0.9982333183288574, 0.9983166456222534, 0.9987499713897705, 0.998533308506012, 0.9985499978065491, 0.998533308506012, 0.9985833168029785, 0.9985833168029785, 0.9987666606903076, 0.9991166591644287, 0.9988333582878113, 0.9991499781608582, 0.9990166425704956, 0.9990666508674622, 0.9990833401679993, 0.9990666508674622, 0.9990000128746033, 0.9992499947547913, 0.9992499947547913, 0.9993000030517578, 0.9993333220481873, 0.9992333054542542, 0.9993833303451538, 0.9994500279426575, 0.9995166659355164, 0.9993500113487244, 0.9994833469390869, 0.9994500279426575, 0.9997166395187378, 0.9993833303451538, 0.9996166825294495, 0.9995333552360535, 0.9996166825294495, 0.9994500279426575, 0.9995499849319458, 0.9996166825294495, 0.9993666410446167, 0.9997333288192749, 0.9996833205223083, 0.9996833205223083, 0.9996500015258789, 0.9996833205223083, 0.9997333288192749, 0.999750018119812, 0.9996500015258789, 0.9997333288192749, 0.9998833537101746, 0.999833345413208, 0.9998666644096375, 0.9996500015258789, 0.9997333288192749, 0.999750018119812, 0.999833345413208, 0.9996333122253418, 0.9998499751091003], "loss": [0.18286225199699402, 0.0833619087934494, 0.06646319478750229, 0.05619657039642334, 0.04946965351700783, 0.04338355362415314, 0.043276652693748474, 0.03839274123311043, 0.033555421978235245, 0.033372774720191956, 0.03127297759056091, 0.029468465596437454, 0.03022790141403675, 0.028615986928343773, 0.025202766060829163, 0.025253845378756523, 0.025297293439507484, 0.026443950831890106, 0.02254725806415081, 0.021829159930348396, 0.022844282910227776, 0.022925103083252907, 0.016085751354694366, 0.01432431023567915, 0.014783321879804134, 0.014595894142985344, 0.015055688098073006, 0.014181215316057205, 0.014322878792881966, 0.01205640658736229, 0.012583110481500626, 0.014774148352444172, 0.01087271235883236, 0.009792665019631386, 0.009615609422326088, 0.009368848986923695, 0.0085950568318367, 0.00809449888765812, 0.009915949776768684, 0.008768905885517597, 0.007621432188898325, 0.0077230422757565975, 0.004952551331371069, 0.00636389572173357, 0.005992964841425419, 0.005681547336280346, 0.005535475444048643, 0.004733323119580746, 0.004942154046148062, 0.004707596264779568, 0.004647897556424141, 0.004410745110362768, 0.004942435305565596, 0.003296193666756153, 0.0028011382091790438, 0.004142105579376221, 0.002734525129199028, 0.0036850450560450554, 0.0023234679829329252, 0.002801615046337247, 0.002760916715487838, 0.003323232289403677, 0.0024238110054284334, 0.0023688997607678175, 0.0025173970498144627, 0.002650852780789137, 0.0022618037182837725, 0.0018407581374049187, 0.0017601880244910717, 0.0017917181830853224, 0.002219715155661106, 0.0017457022331655025, 0.001766145578585565, 0.0008086807210929692, 0.0024362062104046345, 0.001269344356842339, 0.0015505746705457568, 0.001378952176310122, 0.001518724486231804, 0.001371577032841742, 0.0010262301657348871, 0.0016230461187660694, 0.0009848413756117225, 0.0015245632966980338, 0.000976643292233348, 0.0010709071066230536, 0.0009150855476036668, 0.0010006247321143746, 0.0008017027284950018, 0.0009695785702206194, 0.0008197133429348469, 0.00043869108776561916, 0.0006467690691351891, 0.0005021576653234661, 0.0010039479238912463, 0.0006707130814902484, 0.0005528675974346697, 0.0006730267195962369, 0.0010795933194458485, 0.00038733641849830747], "val_acc": [0.9794999957084656, 0.9821000099182129, 0.986299991607666, 0.9879000186920166, 0.9882000088691711, 0.9883999824523926, 0.9897000193595886, 0.9879999756813049, 0.9876000285148621, 0.9894000291824341, 0.9891999959945679, 0.9907000064849854, 0.9896000027656555, 0.989799976348877, 0.9904000163078308, 0.9897000193595886, 0.989799976348877, 0.989300012588501, 0.9905999898910522, 0.9878000020980835, 0.9894000291824341, 0.9896000027656555, 0.991100013256073, 0.991599977016449, 0.991599977016449, 0.9904000163078308, 0.9902999997138977, 0.991599977016449, 0.9908000230789185, 0.9916999936103821, 0.9908000230789185, 0.9901000261306763, 0.9919999837875366, 0.9905999898910522, 0.9911999702453613, 0.9907000064849854, 0.9915000200271606, 0.9915000200271606, 0.9919999837875366, 0.9919000267982483, 0.9915000200271606, 0.9918000102043152, 0.991599977016449, 0.9915000200271606, 0.9914000034332275, 0.9926000237464905, 0.9922999739646912, 0.991599977016449, 0.9915000200271606, 0.9919999837875366, 0.9916999936103821, 0.9915000200271606, 0.9921000003814697, 0.9927999973297119, 0.9923999905586243, 0.9915000200271606, 0.9914000034332275, 0.9921000003814697, 0.9926000237464905, 0.9925000071525574, 0.9914000034332275, 0.9921000003814697, 0.9923999905586243, 0.9918000102043152, 0.9927999973297119, 0.9929999709129333, 0.9926999807357788, 0.9919999837875366, 0.9927999973297119, 0.9923999905586243, 0.9919999837875366, 0.9927999973297119, 0.9922999739646912, 0.9919999837875366, 0.9923999905586243, 0.9925000071525574, 0.9916999936103821, 0.9925000071525574, 0.9923999905586243, 0.9922999739646912, 0.9927999973297119, 0.9922999739646912, 0.9921000003814697, 0.9925000071525574, 0.9927999973297119, 0.9925000071525574, 0.9923999905586243, 0.9919000267982483, 0.9918000102043152, 0.9922999739646912, 0.9925000071525574, 0.9926999807357788, 0.9923999905586243, 0.9925000071525574, 0.9927999973297119, 0.9925000071525574, 0.9925000071525574, 0.9922999739646912, 0.9922999739646912, 0.9919000267982483],