{"acc": [0.9280999898910522, 0.9762166738510132, 0.9810500144958496, 0.9843500256538391, 0.9861000180244446, 0.9882000088691711, 0.989466667175293, 0.9907833337783813, 0.9909499883651733, 0.9919166564941406, 0.9919166564941406, 0.9929333329200745, 0.9935666918754578, 0.9932666420936584, 0.9938166737556458, 0.9944833517074585, 0.9942833185195923, 0.9940166473388672, 0.9949666857719421, 0.9957500100135803, 0.996233344078064, 0.9967333078384399, 0.9969499707221985, 0.9961166381835938, 0.9971833229064941, 0.9971666932106018, 0.9972666501998901, 0.9972833395004272, 0.9975666403770447, 0.9983166456222534, 0.9976666569709778, 0.9981833100318909, 0.9984333515167236, 0.9977666735649109, 0.9982500076293945, 0.9979666471481323, 0.9981833100318909, 0.9980833530426025, 0.9984833598136902, 0.9987333416938782, 0.9988666772842407, 0.9987999796867371, 0.9987999796867371, 0.9991000294685364, 0.9987333416938782, 0.9990666508674622, 0.9989833235740662, 0.9990833401679993, 0.9991333484649658, 0.9992333054542542, 0.9992833137512207, 0.9994500279426575, 0.9992166757583618, 0.9995166659355164, 0.9994999766349792, 0.9991666674613953, 0.9996500015258789, 0.9994333386421204, 0.9992166757583618, 0.9995499849319458, 0.9994999766349792, 0.9994999766349792, 0.9996500015258789, 0.9996166825294495, 0.9995999932289124, 0.9996833205223083, 0.9995999932289124, 0.999666690826416, 0.9994500279426575, 0.9997333288192749, 0.9997166395187378, 0.9997333288192749, 0.9997000098228455, 0.9996833205223083, 0.9997833371162415, 0.9998000264167786, 0.9998666644096375, 0.9997833371162415, 0.999750018119812, 0.999750018119812, 0.9997833371162415, 0.999916672706604, 0.999750018119812, 0.999750018119812, 0.9997666478157043, 0.9998833537101746, 0.9998499751091003, 0.9997000098228455, 0.999833345413208, 0.9998499751091003, 0.9998166561126709, 0.9998999834060669, 0.9998499751091003, 0.9998666644096375, 0.9998833537101746, 0.9998833537101746, 0.9998833537101746, 0.9998999834060669, 0.9998833537101746, 0.9997333288192749], "loss": [0.2303284853696823, 0.07942616939544678, 0.062432631850242615, 0.05187053233385086, 0.04452085122466087, 0.038859106600284576, 0.034875400364398956, 0.030638428404927254, 0.028309451416134834, 0.026219092309474945, 0.025877000764012337, 0.022869059816002846, 0.020495325326919556, 0.021046828478574753, 0.019847752526402473, 0.018063297495245934, 0.017538633197546005, 0.019137414172291756, 0.01672728732228279, 0.013249232433736324, 0.011436140164732933, 0.00973449181765318, 0.010697660967707634, 0.011681254021823406, 0.009446632117033005, 0.00996424537152052, 0.008340056985616684, 0.00869233813136816, 0.00781606137752533, 0.0059052323922514915, 0.007334107533097267, 0.005631800275295973, 0.005174382124096155, 0.006662893109023571, 0.005612406879663467, 0.005799447651952505, 0.005623957142233849, 0.005951743107289076, 0.004871032200753689, 0.0037454357370734215, 0.0037381695583462715, 0.0033374358899891376, 0.003706984221935272, 0.0025986703112721443, 0.0035028508864343166, 0.003246498527005315, 0.003500344231724739, 0.002831825753673911, 0.0025751846842467785, 0.002756417030468583, 0.002176092704758048, 0.0016153183532878757, 0.0023103675339370966, 0.0015124371275305748, 0.0016468687681481242, 0.0027592612896114588, 0.0013328752247616649, 0.0018032999942079186, 0.002501801587641239, 0.0013463357463479042, 0.0017516103107482195, 0.0012003483716398478, 0.0010721712606027722, 0.0010064310627058148, 0.0011262184707447886, 0.0012019998393952847, 0.0016068114200606942, 0.0010937664192169905, 0.0017248725052922964, 0.0009789069881662726, 0.0006678538047708571, 0.0009160347981378436, 0.0009136523003689945, 0.0008166955085471272, 0.0010582150425761938, 0.0007736468105576932, 0.00039379484951496124, 0.0009051380911841989, 0.0012382202548906207, 0.0007273083901964128, 0.0007079247152432799, 0.0004505246179178357, 0.0005901926197111607, 0.0009889513021335006, 0.000902696221601218, 0.0004081847728230059, 0.0004621111729647964, 0.0007122516399249434, 0.0006367299938574433, 0.0004831886908505112, 0.0005338316550478339, 0.00022684932628180832, 0.0005049023893661797, 0.000260418513789773, 0.00035781002952717245, 0.00044903618982061744, 0.0005572842783294618, 0.00022663784329779446, 0.0003749259631149471, 0.0007417891174554825], "val_acc": [0.9824000000953674, 0.9850000143051147, 0.9890000224113464, 0.9889000058174133, 0.9886000156402588, 0.989300012588501, 0.9902999997138977, 0.989799976348877, 0.9914000034332275, 0.9912999868392944, 0.989300012588501, 0.9902999997138977, 0.9926999807357788, 0.9900000095367432, 0.9908000230789185, 0.9918000102043152, 0.9898999929428101, 0.9912999868392944, 0.9901999831199646, 0.9918000102043152, 0.9919999837875366, 0.9918000102043152, 0.9918000102043152, 0.991599977016449, 0.9926999807357788, 0.9916999936103821, 0.9925000071525574, 0.9925000071525574, 0.9914000034332275, 0.9915000200271606, 0.9930999875068665, 0.9929999709129333, 0.9914000034332275, 0.9922999739646912, 0.9916999936103821, 0.9915000200271606, 0.9926999807357788, 0.9921000003814697, 0.9922000169754028, 0.9923999905586243, 0.9923999905586243, 0.9926000237464905, 0.9933000206947327, 0.9919000267982483, 0.9923999905586243, 0.9932000041007996, 0.9925000071525574, 0.9925000071525574, 0.9925000071525574, 0.9929999709129333, 0.9932000041007996, 0.9921000003814697, 0.9926999807357788, 0.9937999844551086, 0.9937000274658203, 0.9936000108718872, 0.9929999709129333, 0.9929999709129333, 0.9930999875068665, 0.9929999709129333, 0.9934999942779541, 0.9936000108718872, 0.9936000108718872, 0.9922999739646912, 0.9929999709129333, 0.9930999875068665, 0.9937000274658203, 0.993399977684021, 0.9926000237464905, 0.9934999942779541, 0.992900013923645, 0.9933000206947327, 0.9932000041007996, 0.9932000041007996, 0.9934999942779541, 0.9939000010490417, 0.9939000010490417, 0.9932000041007996, 0.9929999709129333, 0.9926999807357788, 0.9934999942779541, 0.9937999844551086, 0.9936000108718872, 0.9937000274658203, 0.9939000010490417, 0.9937999844551086, 0.9937999844551086, 0.9934999942779541, 0.9936000108718872, 0.9937000274658203, 0.9937999844551086, 0.9934999942779541, 0.9933000206947327, 0.9937999844551086, 0.9934999942779541, 0.9932000041007996, 0.9936000108718872, 0.9934999942779541, 0.9934999942779541, 0.9932000041007996],