{"acc": [0.09955000132322311, 0.11236666887998581, 0.11236666887998581, 0.11236666887998581, 0.11236666887998581, 0.11236666887998581, 0.11236666887998581, 0.11236666887998581, 0.11236666887998581, 0.11236666887998581, 0.11236666887998581, 0.11236666887998581, 0.11236666887998581, 0.11236666887998581, 0.11236666887998581, 0.11236666887998581, 0.11236666887998581, 0.11236666887998581, 0.11236666887998581, 0.11236666887998581, 0.11236666887998581, 0.11236666887998581, 0.11236666887998581, 0.11236666887998581, 0.11236666887998581, 0.11236666887998581, 0.11236666887998581, 0.11236666887998581, 0.11236666887998581, 0.11236666887998581, 0.11236666887998581, 0.11236666887998581, 0.11236666887998581, 0.11236666887998581, 0.11236666887998581, 0.11236666887998581, 0.11236666887998581, 0.11236666887998581, 0.11236666887998581, 0.11236666887998581, 0.11236666887998581, 0.11236666887998581, 0.11236666887998581, 0.11236666887998581, 0.11236666887998581, 0.11236666887998581, 0.11236666887998581, 0.11236666887998581, 0.11236666887998581, 0.11236666887998581, 0.11236666887998581, 0.11236666887998581, 0.11236666887998581, 0.11236666887998581, 0.11236666887998581, 0.11236666887998581, 0.11236666887998581, 0.11236666887998581, 0.11236666887998581, 0.11236666887998581, 0.11236666887998581, 0.11236666887998581, 0.11236666887998581, 0.11236666887998581, 0.11236666887998581, 0.11236666887998581, 0.11236666887998581, 0.11236666887998581, 0.11236666887998581, 0.11236666887998581, 0.11236666887998581, 0.11236666887998581, 0.11236666887998581, 0.11236666887998581, 0.11236666887998581, 0.11236666887998581, 0.11236666887998581, 0.11236666887998581, 0.11236666887998581, 0.11236666887998581, 0.11236666887998581, 0.11236666887998581, 0.11236666887998581, 0.11236666887998581, 0.11236666887998581, 0.11236666887998581, 0.11236666887998581, 0.11236666887998581, 0.11236666887998581, 0.11236666887998581, 0.11236666887998581, 0.11236666887998581, 0.11236666887998581, 0.11236666887998581, 0.11236666887998581, 0.11236666887998581, 0.11236666887998581, 0.11236666887998581, 0.11236666887998581, 0.11236666887998581], "loss": [2.302583694458008, 2.3023269176483154, 2.3021793365478516, 2.3020682334899902, 2.3019840717315674, 2.3019139766693115, 2.301846981048584, 2.301797389984131, 2.3017494678497314, 2.3017098903656006, 2.3016722202301025, 2.301635503768921, 2.3016088008880615, 2.3015806674957275, 2.3015551567077637, 2.3015315532684326, 2.3015122413635254, 2.3014919757843018, 2.3014748096466064, 2.3014559745788574, 2.301445722579956, 2.301426649093628, 2.3014140129089355, 2.301401138305664, 2.30138897895813, 2.301379680633545, 2.3013689517974854, 2.3013577461242676, 2.301349639892578, 2.3013405799865723, 2.3013322353363037, 2.3013241291046143, 2.301316976547241, 2.301307439804077, 2.301304340362549, 2.301299571990967, 2.3012900352478027, 2.301285743713379, 2.301283121109009, 2.3012802600860596, 2.301274538040161, 2.3012704849243164, 2.301269292831421, 2.301266670227051, 2.3012616634368896, 2.301257848739624, 2.3012561798095703, 2.301252841949463, 2.3012521266937256, 2.301248550415039, 2.301244020462036, 2.3012425899505615, 2.301241159439087, 2.301239490509033, 2.3012373447418213, 2.3012356758117676, 2.301234483718872, 2.3012306690216064, 2.3012309074401855, 2.3012304306030273, 2.301229953765869, 2.30122709274292, 2.301225185394287, 2.3012256622314453, 2.3012261390686035, 2.30122447013855, 2.301222801208496, 2.301222801208496, 2.3012192249298096, 2.301220655441284, 2.3012170791625977, 2.3012168407440186, 2.3012166023254395, 2.3012149333953857, 2.301215171813965, 2.3012163639068604, 2.3012149333953857, 2.301213264465332, 2.3012123107910156, 2.3012139797210693, 2.3012125492095947, 2.3012120723724365, 2.301210880279541, 2.301213026046753, 2.3012096881866455, 2.301210403442383, 2.3012092113494873, 2.3012092113494873, 2.301206350326538, 2.30120849609375, 2.3012077808380127, 2.3012073040008545, 2.30120587348938, 2.301206588745117, 2.3012077808380127, 2.30120587348938, 2.3012073040008545, 2.3012068271636963, 2.3012051582336426, 2.3012053966522217], "val_acc": [0.11349999904632568, 0.11349999904632568, 0.11349999904632568, 0.11349999904632568, 0.11349999904632568, 0.11349999904632568, 0.11349999904632568, 0.11349999904632568, 0.11349999904632568, 0.11349999904632568, 0.11349999904632568, 0.11349999904632568, 0.11349999904632568, 0.11349999904632568, 0.11349999904632568, 0.11349999904632568, 0.11349999904632568, 0.11349999904632568, 0.11349999904632568, 0.11349999904632568, 0.11349999904632568, 0.11349999904632568, 0.11349999904632568, 0.11349999904632568, 0.11349999904632568, 0.11349999904632568, 0.11349999904632568, 0.11349999904632568, 0.11349999904632568, 0.11349999904632568, 0.11349999904632568, 0.11349999904632568, 0.11349999904632568, 0.11349999904632568, 0.11349999904632568, 0.11349999904632568, 0.11349999904632568, 0.11349999904632568, 0.11349999904632568, 0.11349999904632568, 0.11349999904632568, 0.11349999904632568, 0.11349999904632568, 0.11349999904632568, 0.11349999904632568, 0.11349999904632568, 0.11349999904632568, 0.11349999904632568, 0.11349999904632568, 0.11349999904632568, 0.11349999904632568, 0.11349999904632568, 0.11349999904632568, 0.11349999904632568, 0.11349999904632568, 0.11349999904632568, 0.11349999904632568, 0.11349999904632568, 0.11349999904632568, 0.11349999904632568, 0.11349999904632568, 0.11349999904632568, 0.11349999904632568, 0.11349999904632568, 0.11349999904632568, 0.11349999904632568, 0.11349999904632568, 0.11349999904632568, 0.11349999904632568, 0.11349999904632568, 0.11349999904632568, 0.11349999904632568, 0.11349999904632568, 0.11349999904632568, 0.11349999904632568, 0.11349999904632568, 0.11349999904632568, 0.11349999904632568, 0.11349999904632568, 0.11349999904632568, 0.11349999904632568, 0.11349999904632568, 0.11349999904632568, 0.11349999904632568, 0.11349999904632568, 0.11349999904632568, 0.11349999904632568, 0.11349999904632568, 0.11349999904632568, 0.11349999904632568, 0.11349999904632568, 0.11349999904632568, 0.11349999904632568, 0.11349999904632568, 0.11349999904632568, 0.11349999904632568, 0.11349999904632568, 0.11349999904632568, 0.11349999904632568, 0.11349999904632568],