{"acc": [0.8547000288963318, 0.9529333114624023, 0.963100016117096, 0.9692999720573425, 0.9728166460990906, 0.9756500124931335, 0.977816641330719, 0.9788166880607605, 0.981083333492279, 0.9815999865531921], "loss": [0.4757806956768036, 0.1550704538822174, 0.11821648478507996, 0.09795082360506058, 0.0862414762377739, 0.07839293032884598, 0.07182860374450684, 0.06749318540096283, 0.06163126602768898, 0.05914589390158653], "val_acc": [0.9598000049591064, 0.9731000065803528, 0.9779000282287598, 0.9825999736785889, 0.9836999773979187, 0.9840999841690063, 0.9861999750137329, 0.9868000149726868, 0.988099992275238, 0.9873999953269958], "val_loss": [0.12622573971748352, 0.08279816061258316, 0.06621052324771881, 0.05618518590927124, 0.0494459792971611, 0.045850321650505066, 0.044561974704265594, 0.038916654884815216, 0.037259407341480255, 0.03676525875926018]}