{"acc": [0.6575999855995178, 0.8514333367347717, 0.8818333148956299, 0.8976333141326904, 0.9056666493415833, 0.9143333435058594, 0.9207666516304016, 0.9242166876792908, 0.9294333457946777, 0.9313166737556458, 0.9347000122070312, 0.937333345413208, 0.9389500021934509, 0.9402833580970764, 0.9423999786376953, 0.9438166618347168, 0.9450500011444092, 0.9454666376113892, 0.9481833577156067, 0.9495833516120911, 0.9501000046730042, 0.9514666795730591, 0.9527999758720398, 0.9527833461761475, 0.953416645526886, 0.955049991607666, 0.9549333453178406, 0.9557166695594788, 0.95701664686203, 0.9559833407402039, 0.9584833383560181, 0.9580000042915344, 0.959850013256073, 0.959850013256073, 0.9602000117301941, 0.9608833193778992, 0.9610000252723694, 0.9611666798591614, 0.9612666964530945, 0.9619166851043701, 0.9621833562850952, 0.961983323097229, 0.9636666774749756, 0.9645666480064392, 0.9639166593551636, 0.9645333290100098, 0.9649333357810974, 0.9648000001907349, 0.9653499722480774, 0.9655500054359436, 0.9652666449546814, 0.9660999774932861, 0.9670166373252869, 0.9670666456222534, 0.9661666750907898, 0.9663000106811523, 0.9677500128746033, 0.9674999713897705, 0.9673500061035156, 0.9678666591644287, 0.9677500128746033, 0.9680666923522949, 0.9683666825294495, 0.9683833122253418, 0.9680333137512207, 0.9681000113487244, 0.9684833288192749, 0.9692166447639465, 0.9696166515350342, 0.9696666598320007, 0.9695666432380676, 0.9701333045959473, 0.9704166650772095, 0.9704166650772095, 0.9698333144187927, 0.9709166884422302, 0.9710166454315186, 0.9707000255584717, 0.9713000059127808, 0.9710999727249146, 0.970883309841156, 0.9706166386604309, 0.9717333316802979, 0.9723166823387146, 0.9713833332061768, 0.9721999764442444, 0.9718666672706604, 0.971833348274231, 0.9729333519935608, 0.9724833369255066, 0.9728333353996277, 0.972350001335144, 0.9733333587646484, 0.9735333323478699, 0.9732833504676819, 0.9732833504676819, 0.9729166626930237, 0.9732833504676819, 0.9738666415214539, 0.9740333557128906], "loss": [1.2581579685211182, 0.5826249122619629, 0.4525250196456909, 0.38742634654045105, 0.34650060534477234, 0.31477221846580505, 0.293069988489151, 0.2745870351791382, 0.2597362995147705, 0.2474740594625473, 0.23634560406208038, 0.2267257422208786, 0.21919633448123932, 0.2133302390575409, 0.20627515017986298, 0.20032215118408203, 0.19532573223114014, 0.1903695911169052, 0.18516427278518677, 0.18053418397903442, 0.17693158984184265, 0.1730251908302307, 0.1694992184638977, 0.16721950471401215, 0.1640542894601822, 0.16041989624500275, 0.15797150135040283, 0.15481185913085938, 0.15264897048473358, 0.15046222507953644, 0.14799226820468903, 0.1463322937488556, 0.14421764016151428, 0.14234592020511627, 0.14149606227874756, 0.1387382298707962, 0.13679338991641998, 0.13608956336975098, 0.1353946328163147, 0.13295528292655945, 0.1316821426153183, 0.13021647930145264, 0.12862098217010498, 0.12738484144210815, 0.12644369900226593, 0.12441510707139969, 0.12404122203588486, 0.12407687306404114, 0.1210215762257576, 0.12059039622545242, 0.12031970918178558, 0.11846081912517548, 0.11713533848524094, 0.11693324148654938, 0.11597713083028793, 0.11582030355930328, 0.1143936961889267, 0.11400777846574783, 0.1130356416106224, 0.11171600222587585, 0.11209766566753387, 0.11118213087320328, 0.1101202741265297, 0.10966148972511292, 0.10885217040777206, 0.1077963262796402, 0.10741662234067917, 0.1067039892077446, 0.10588632524013519, 0.10431083291769028, 0.10397706180810928, 0.10391809046268463, 0.10318049043416977, 0.10343631356954575, 0.10318409651517868, 0.10118002444505692, 0.10038892179727554, 0.10078618675470352, 0.10036513954401016, 0.0996922180056572, 0.10035871714353561, 0.1002008393406868, 0.09839007258415222, 0.09825862944126129, 0.0986836701631546, 0.09780830144882202, 0.09704574197530746, 0.09622534364461899, 0.09500404447317123, 0.09558375179767609, 0.09555690735578537, 0.09373363107442856, 0.09403815120458603, 0.09307461977005005, 0.09405089169740677, 0.09303846955299377, 0.0930602103471756, 0.0919676274061203, 0.09155509620904922, 0.09056035429239273], "val_acc": [0.8615000247955322, 0.8968999981880188, 0.9143000245094299, 0.9222000241279602, 0.9289000034332275, 0.9330999851226807, 0.9369999766349792, 0.940500020980835, 0.9433000087738037, 0.9455000162124634, 0.9473999738693237, 0.9491000175476074, 0.9502999782562256, 0.95169997215271, 0.9537000060081482, 0.9545000195503235, 0.9563999772071838, 0.9578999876976013, 0.958899974822998, 0.9593999981880188, 0.9599999785423279, 0.9610999822616577, 0.9611999988555908, 0.9624999761581421, 0.9628999829292297, 0.963100016117096, 0.963100016117096, 0.9639999866485596, 0.9643999934196472, 0.9649999737739563, 0.9653000235557556, 0.9659000039100647, 0.9663000106811523, 0.9664999842643738, 0.9667999744415283, 0.9672999978065491, 0.9679999947547913, 0.9684000015258789, 0.9686999917030334, 0.9688000082969666, 0.9685999751091003, 0.9686999917030334, 0.9690999984741211, 0.9696000218391418, 0.9697999954223633, 0.9700999855995178, 0.9703999757766724, 0.9704999923706055, 0.9710000157356262, 0.9710999727249146, 0.9714000225067139, 0.9717000126838684, 0.972000002861023, 0.972000002861023, 0.9725000262260437, 0.9725000262260437, 0.9728999733924866, 0.9728000164031982, 0.9729999899864197, 0.9733999967575073, 0.9733999967575073, 0.9736999869346619, 0.973800003528595, 0.9739999771118164, 0.9739999771118164, 0.973800003528595, 0.973800003528595, 0.9740999937057495, 0.9745000004768372, 0.9746999740600586, 0.9749000072479248, 0.9753000140190125, 0.975600004196167, 0.9760000109672546, 0.975600004196167, 0.9757999777793884, 0.9761000275611877, 0.9765999913215637, 0.9765999913215637, 0.9765999913215637, 0.9768999814987183, 0.9768999814987183, 0.9772999882698059, 0.9772999882698059, 0.977400004863739, 0.977400004863739, 0.9775000214576721, 0.9778000116348267, 0.9778000116348267, 0.9775999784469604, 0.9779999852180481, 0.9779999852180481, 0.9782999753952026, 0.9782000184059143, 0.9782999753952026, 0.9782000184059143, 0.9782999753952026, 0.9785000085830688, 0.978600025177002, 0.9787999987602234],