{"acc": [0.6474000215530396, 0.8657500147819519, 0.896316647529602, 0.9104333519935608, 0.9193166494369507, 0.9255833625793457, 0.9308500289916992, 0.9347666501998901, 0.9380833506584167, 0.9406999945640564], "loss": [1.1691596508026123, 0.45152461528778076, 0.3498629927635193, 0.29963433742523193, 0.26962849497795105, 0.2469334602355957, 0.23056843876838684, 0.2175641506910324, 0.20670302212238312, 0.19683600962162018], "val_acc": [0.8862000107765198, 0.9187999963760376, 0.9297000169754028, 0.9376999735832214, 0.9413999915122986, 0.9467999935150146, 0.9503999948501587, 0.9531999826431274, 0.955299973487854, 0.9574000239372253], "val_loss": [0.44395360350608826, 0.2950618267059326, 0.24461759626865387, 0.21507583558559418, 0.19506049156188965, 0.17932246625423431, 0.16741009056568146, 0.15738452970981598, 0.14907144010066986, 0.14214326441287994]}