{"acc": [0.9442499876022339, 0.9751666784286499, 0.9797999858856201, 0.9832666516304016, 0.9843666553497314, 0.9850000143051147, 0.9877499938011169, 0.9876000285148621, 0.9883000254631042, 0.9896166920661926, 0.9895333051681519, 0.9902499914169312, 0.9903166890144348, 0.9908000230789185, 0.9914166927337646, 0.9915833473205566, 0.9914000034332275, 0.9923833608627319, 0.9924833178520203, 0.9932500123977661, 0.9942499995231628, 0.9939500093460083, 0.9945999979972839, 0.9941999912261963, 0.9942666888237, 0.9942833185195923, 0.9948999881744385, 0.9949666857719421, 0.9956166744232178, 0.995199978351593, 0.9951666593551636, 0.9957666397094727, 0.995283305644989, 0.9950166940689087, 0.9950500130653381, 0.9957000017166138, 0.996399998664856, 0.9961166381835938, 0.9974333047866821, 0.9965999722480774, 0.996916651725769, 0.9973333477973938, 0.9969833493232727, 0.9971166849136353, 0.9971833229064941, 0.9973999857902527, 0.9975000023841858, 0.9980833530426025, 0.9979666471481323, 0.9983500242233276, 0.9983000159263611, 0.9982166886329651, 0.998199999332428, 0.9979666471481323, 0.9984999895095825, 0.9983166456222534, 0.9985833168029785, 0.9988999962806702, 0.9986000061035156, 0.9988833069801331, 0.9988166689872742, 0.9989500045776367, 0.9988999962806702, 0.9990000128746033, 0.9989500045776367, 0.9988666772842407, 0.9988833069801331, 0.9990166425704956, 0.9991333484649658, 0.9991833567619324, 0.9990666508674622, 0.9991833567619324, 0.9992499947547913, 0.9991166591644287, 0.9992833137512207, 0.9993833303451538, 0.9994500279426575, 0.9994666576385498, 0.9994000196456909, 0.9994333386421204, 0.9994666576385498, 0.9992833137512207, 0.9994666576385498, 0.9994166493415833, 0.9994500279426575, 0.9995333552360535, 0.9994000196456909, 0.9994333386421204, 0.9993833303451538, 0.9997000098228455, 0.9996333122253418, 0.9995166659355164, 0.999666690826416, 0.9996500015258789, 0.9996166825294495, 0.9996333122253418, 0.9996333122253418, 0.9997333288192749, 0.9998166561126709, 0.9996833205223083], "loss": [0.1866089552640915, 0.08138914406299591, 0.06552175432443619, 0.05391184613108635, 0.04909453168511391, 0.04731955751776695, 0.04091472178697586, 0.03934752941131592, 0.03642413392663002, 0.03280404210090637, 0.03282887116074562, 0.030679501593112946, 0.030229702591896057, 0.028691226616501808, 0.027504514902830124, 0.02637491375207901, 0.024962512776255608, 0.02394338697195053, 0.023776860907673836, 0.021589286625385284, 0.01790810562670231, 0.01817275397479534, 0.016443660482764244, 0.01689726673066616, 0.017045387998223305, 0.017369288951158524, 0.01513687800616026, 0.014866279438138008, 0.014342005364596844, 0.015183454379439354, 0.014320901595056057, 0.013764736242592335, 0.01422120537608862, 0.015221516601741314, 0.01444943156093359, 0.012393565848469734, 0.011578518897294998, 0.011406581848859787, 0.008528697304427624, 0.010349777527153492, 0.009347260929644108, 0.008192016743123531, 0.008846888318657875, 0.008764352649450302, 0.00865940935909748, 0.00836019404232502, 0.007595373317599297, 0.005836659111082554, 0.005794461350888014, 0.005204543471336365, 0.0051230620592832565, 0.0052353860810399055, 0.005278302822262049, 0.005842581391334534, 0.005182425957173109, 0.0047493730671703815, 0.0042820218950510025, 0.003759011160582304, 0.004355371464043856, 0.003633627900853753, 0.0035350581165403128, 0.0036892550997436047, 0.0037515084259212017, 0.0029606728348881006, 0.003746557980775833, 0.0032798019237816334, 0.003272506408393383, 0.00319182057864964, 0.0029119155369699, 0.00257534789852798, 0.003051178762689233, 0.0023870845325291157, 0.0023416723124682903, 0.002423583995550871, 0.0023745468351989985, 0.0020857295021414757, 0.0018576937727630138, 0.0022466147784143686, 0.002068466041237116, 0.0017264693742617965, 0.0016210753237828612, 0.0021492887753993273, 0.0022416268475353718, 0.0018560102907940745, 0.001775404904037714, 0.001630948157981038, 0.0016507765976712108, 0.0018629130208864808, 0.0018639870686456561, 0.001283890102058649, 0.0015247099800035357, 0.0015672525623813272, 0.0011519803665578365, 0.0014640633016824722, 0.0011987772304564714, 0.0013173273764550686, 0.001135354395955801, 0.0009672367596067488, 0.000856181257404387, 0.0011424495605751872], "val_acc": [0.977400004863739, 0.9839000105857849, 0.9860000014305115, 0.9868000149726868, 0.9882000088691711, 0.9868999719619751, 0.9878000020980835, 0.9884999990463257, 0.9882000088691711, 0.9872000217437744, 0.9876999855041504, 0.9891999959945679, 0.9894000291824341, 0.9883999824523926, 0.9865000247955322, 0.9890999794006348, 0.9889000058174133, 0.9887999892234802, 0.9900000095367432, 0.9896000027656555, 0.9890999794006348, 0.9911999702453613, 0.9889000058174133, 0.989799976348877, 0.9891999959945679, 0.9908000230789185, 0.9905999898910522, 0.9907000064849854, 0.9902999997138977, 0.9909999966621399, 0.9907000064849854, 0.9896000027656555, 0.9887999892234802, 0.9886999726295471, 0.9901000261306763, 0.9898999929428101, 0.9915000200271606, 0.9915000200271606, 0.9912999868392944, 0.9909999966621399, 0.9904999732971191, 0.9908000230789185, 0.9914000034332275, 0.9904000163078308, 0.9905999898910522, 0.9901999831199646, 0.9909999966621399, 0.9904000163078308, 0.9915000200271606, 0.9908999800682068, 0.991100013256073, 0.9896000027656555, 0.9914000034332275, 0.9905999898910522, 0.9911999702453613, 0.9905999898910522, 0.9915000200271606, 0.9914000034332275, 0.991599977016449, 0.9915000200271606, 0.9905999898910522, 0.9911999702453613, 0.9911999702453613, 0.9922000169754028, 0.9908999800682068, 0.9918000102043152, 0.991599977016449, 0.9919000267982483, 0.9919000267982483, 0.9919999837875366, 0.9919000267982483, 0.9918000102043152, 0.9921000003814697, 0.9919000267982483, 0.9916999936103821, 0.9918000102043152, 0.9919999837875366, 0.9919000267982483, 0.9922000169754028, 0.9919999837875366, 0.9919000267982483, 0.9922999739646912, 0.9918000102043152, 0.9926999807357788, 0.9921000003814697, 0.9923999905586243, 0.9925000071525574, 0.9914000034332275, 0.9919000267982483, 0.9926999807357788, 0.9925000071525574, 0.9922999739646912, 0.9926000237464905, 0.992900013923645, 0.9919999837875366, 0.9919000267982483, 0.9919999837875366, 0.9926000237464905, 0.9918000102043152, 0.991599977016449],