{"acc": [0.6990333199501038, 0.8713833093643188, 0.8987166881561279, 0.9103666543960571, 0.9194166660308838, 0.9264333248138428, 0.9300833344459534, 0.9353166818618774, 0.9369833469390869, 0.9398999810218811, 0.9434499740600586, 0.9451500177383423, 0.9481333494186401, 0.9484833478927612, 0.9505666494369507, 0.9507499933242798, 0.9534500241279602, 0.9541000127792358, 0.9544833302497864, 0.9555500149726868, 0.9572166800498962, 0.9577833414077759, 0.9583166837692261, 0.9593666791915894, 0.959933340549469, 0.9602000117301941, 0.9608166813850403, 0.9615333080291748, 0.9621833562850952, 0.9614499807357788, 0.9625499844551086, 0.9634166955947876, 0.9635833501815796, 0.9634333252906799, 0.9641833305358887, 0.9639999866485596, 0.965583324432373, 0.9655500054359436, 0.9656500220298767, 0.9659833312034607, 0.965399980545044, 0.9660666584968567, 0.9657666683197021, 0.9671333432197571, 0.966949999332428, 0.9670166373252869, 0.9675666689872742, 0.9680166840553284, 0.9681333303451538, 0.9686333537101746, 0.9694666862487793, 0.9696166515350342, 0.9694666862487793, 0.9690499901771545, 0.9697666764259338, 0.970216691493988, 0.9699666500091553, 0.9703333377838135, 0.9701333045959473, 0.970466673374176, 0.9708166718482971, 0.9711499810218811, 0.9708166718482971, 0.970966637134552, 0.9719666838645935, 0.9714000225067139, 0.9717666506767273, 0.9712833166122437, 0.9717333316802979, 0.9718000292778015, 0.9726999998092651, 0.9717000126838684, 0.9721166491508484, 0.9726999998092651, 0.9724000096321106, 0.9721666574478149, 0.9724000096321106, 0.9721500277519226, 0.9728666543960571, 0.9731833338737488, 0.9731166958808899, 0.9732833504676819, 0.9739999771118164, 0.9734833240509033, 0.9739166498184204, 0.9736166596412659, 0.9735666513442993, 0.973800003528595, 0.9733499884605408, 0.9738166928291321, 0.9743000268936157, 0.9740333557128906, 0.9746500253677368, 0.9742833375930786, 0.9745000004768372, 0.9746833443641663, 0.9743499755859375, 0.9744833111763, 0.9743499755859375, 0.9746000170707703], "loss": [1.0755681991577148, 0.4376283586025238, 0.34415310621261597, 0.3014686405658722, 0.269603431224823, 0.24680693447589874, 0.23150834441184998, 0.21683403849601746, 0.20714396238327026, 0.19671687483787537, 0.18766994774341583, 0.18136560916900635, 0.1739392876625061, 0.17018255591392517, 0.16363118588924408, 0.1613965481519699, 0.15552783012390137, 0.1528833508491516, 0.14974132180213928, 0.14620289206504822, 0.14308224618434906, 0.14080555737018585, 0.13712549209594727, 0.13559649884700775, 0.13299286365509033, 0.13159124553203583, 0.1300750970840454, 0.12765401601791382, 0.12567129731178284, 0.12506811320781708, 0.12311841547489166, 0.12178578227758408, 0.11986608803272247, 0.11929257959127426, 0.11715728044509888, 0.11690408736467361, 0.11389048397541046, 0.1137896254658699, 0.11275176703929901, 0.11187788099050522, 0.11128035187721252, 0.11087718605995178, 0.10973705351352692, 0.10823266953229904, 0.10703649371862411, 0.10736256837844849, 0.10618158429861069, 0.10493166744709015, 0.10473550856113434, 0.10261355340480804, 0.10150141268968582, 0.10199591517448425, 0.10093548148870468, 0.1013118326663971, 0.10007302463054657, 0.09828177839517593, 0.09876126796007156, 0.09713581204414368, 0.09671841561794281, 0.09635671973228455, 0.09605039656162262, 0.09660584479570389, 0.09502316266298294, 0.09372619539499283, 0.09238065034151077, 0.09279192239046097, 0.09349334985017776, 0.0932256430387497, 0.09234391897916794, 0.09221068024635315, 0.08997984230518341, 0.08975925296545029, 0.09107039123773575, 0.0889267846941948, 0.09045898914337158, 0.08793751150369644, 0.08954621851444244, 0.08962991088628769, 0.08789564669132233, 0.08772337436676025, 0.08705246448516846, 0.08741577714681625, 0.08539166301488876, 0.086031973361969, 0.08513210713863373, 0.08600525557994843, 0.08462203294038773, 0.08477432280778885, 0.0847972184419632, 0.08419755846261978, 0.08388812094926834, 0.08375027775764465, 0.0828886479139328, 0.08316826075315475, 0.08370054513216019, 0.08142415434122086, 0.08251184970140457, 0.08222116529941559, 0.08103399723768234, 0.0815902054309845], "val_acc": [0.8924999833106995, 0.9194999933242798, 0.9296000003814697, 0.9369000196456909, 0.9416999816894531, 0.9462000131607056, 0.9491000175476074, 0.9513999819755554, 0.9531999826431274, 0.9559999704360962, 0.9575999975204468, 0.958899974822998, 0.9598000049591064, 0.9611999988555908, 0.9634000062942505, 0.9646000266075134, 0.9653000235557556, 0.9670000076293945, 0.9675999879837036, 0.9678999781608582, 0.9692000150680542, 0.9693999886512756, 0.9699000120162964, 0.9704999923706055, 0.970300018787384, 0.9710000157356262, 0.9713000059127808, 0.9718999862670898, 0.9722999930381775, 0.9728000164031982, 0.9732999801635742, 0.9732000231742859, 0.9732999801635742, 0.973800003528595, 0.9745000004768372, 0.974399983882904, 0.9745000004768372, 0.9746999740600586, 0.9750999808311462, 0.9753999710083008, 0.9758999943733215, 0.9757999777793884, 0.9760000109672546, 0.9763000011444092, 0.9764999747276306, 0.9764000177383423, 0.9768000245094299, 0.9767000079154968, 0.9769999980926514, 0.9768999814987183, 0.977400004863739, 0.9772999882698059, 0.977400004863739, 0.9778000116348267, 0.9778000116348267, 0.9781000018119812, 0.9779000282287598, 0.9781000018119812, 0.9782000184059143, 0.9782000184059143, 0.9789000153541565, 0.9786999821662903, 0.9789999723434448, 0.9793999791145325, 0.9794999957084656, 0.9796000123023987, 0.9789999723434448, 0.9793999791145325, 0.9796000123023987, 0.9793999791145325, 0.9797000288963318, 0.9793999791145325, 0.9800000190734863, 0.9799000024795532, 0.9800999760627747, 0.9803000092506409, 0.9803000092506409, 0.9803000092506409, 0.980400025844574, 0.980400025844574, 0.9811000227928162, 0.9807999730110168, 0.9811000227928162, 0.9815999865531921, 0.9814000129699707, 0.9817000031471252, 0.9818000197410583, 0.9818000197410583, 0.9818999767303467, 0.9819999933242798, 0.9817000031471252, 0.9819999933242798, 0.9819999933242798, 0.982200026512146, 0.9818000197410583, 0.9824000000953674, 0.9825000166893005, 0.9824000000953674, 0.982200026512146, 0.982200026512146],