{"acc": [0.3858833312988281, 0.7594333291053772, 0.8374166488647461, 0.8676833510398865, 0.8850833177566528, 0.8925333619117737, 0.9034833312034607, 0.9081666469573975, 0.9122333526611328, 0.9165166616439819, 0.919950008392334, 0.9238499999046326, 0.9270833134651184, 0.9277999997138977, 0.9312499761581421, 0.9324666857719421, 0.9341999888420105, 0.9377833604812622, 0.9380499720573425, 0.9402333498001099, 0.94118332862854, 0.9418666958808899, 0.9436666369438171, 0.9446499943733215, 0.9450666904449463, 0.946483314037323, 0.9469000101089478, 0.9475333094596863, 0.949566662311554, 0.9495000243186951, 0.9506833553314209, 0.9517499804496765, 0.9519333243370056, 0.95169997215271, 0.9532666802406311, 0.9535166621208191, 0.9542166590690613, 0.9537666440010071, 0.9550333619117737, 0.9555833339691162, 0.9553333520889282, 0.9567833542823792, 0.9569833278656006, 0.9570333361625671, 0.958133339881897, 0.9584000110626221, 0.9589666724205017, 0.9577666521072388, 0.9591666460037231, 0.9593666791915894, 0.9590333104133606, 0.9603166580200195, 0.9605333209037781, 0.9593666791915894, 0.9614499807357788, 0.9611166715621948, 0.9605833292007446, 0.9619333148002625, 0.9621833562850952, 0.9627000093460083, 0.9617000222206116, 0.9623833298683167, 0.9631500244140625, 0.9629666805267334, 0.9632166624069214, 0.9640166759490967, 0.9641833305358887, 0.963283360004425, 0.9647166728973389, 0.9644833207130432, 0.965416669845581, 0.9653499722480774, 0.9649666547775269, 0.9644333124160767, 0.9661499857902527, 0.9663333296775818, 0.9656000137329102, 0.9660500288009644, 0.9664499759674072, 0.9664999842643738, 0.9663500189781189, 0.9660333395004272, 0.9664499759674072, 0.9660999774932861, 0.9671333432197571, 0.9667500257492065, 0.9685666561126709, 0.9664166569709778, 0.9676333069801331, 0.9671666622161865, 0.9675166606903076, 0.9678999781608582, 0.9677333235740662, 0.9684833288192749, 0.9677500128746033, 0.9690666794776917, 0.968416690826416, 0.9684500098228455, 0.9690333604812622, 0.9691333174705505], "loss": [1.8151394128799438, 0.7558883428573608, 0.5269616842269897, 0.4363711476325989, 0.3837285041809082, 0.35254642367362976, 0.3232826888561249, 0.3043237030506134, 0.28630635142326355, 0.27576977014541626, 0.26580384373664856, 0.2542675733566284, 0.24521224200725555, 0.23815315961837769, 0.22876578569412231, 0.22410790622234344, 0.21683818101882935, 0.20650751888751984, 0.2068699449300766, 0.19999872148036957, 0.1960500031709671, 0.19424307346343994, 0.1883857399225235, 0.1848626732826233, 0.18168233335018158, 0.17758165299892426, 0.1750844419002533, 0.1736099272966385, 0.16797330975532532, 0.17018823325634003, 0.1642581671476364, 0.16122597455978394, 0.16171278059482574, 0.15921305119991302, 0.15729543566703796, 0.1542070060968399, 0.1522453874349594, 0.15310481190681458, 0.1486547589302063, 0.1478833556175232, 0.14843261241912842, 0.14452293515205383, 0.1427827626466751, 0.14172469079494476, 0.1399003565311432, 0.13883677124977112, 0.13703781366348267, 0.13824188709259033, 0.13648779690265656, 0.135256826877594, 0.134595587849617, 0.1325019896030426, 0.13263317942619324, 0.1324305236339569, 0.12953658401966095, 0.13010139763355255, 0.12789754569530487, 0.12699520587921143, 0.12614452838897705, 0.12465953826904297, 0.12587875127792358, 0.12354433536529541, 0.12285471707582474, 0.12228727340698242, 0.12118295580148697, 0.11987660080194473, 0.11731361597776413, 0.11901671439409256, 0.11853229254484177, 0.11802030354738235, 0.11566714942455292, 0.11509335786104202, 0.1167580857872963, 0.11636440455913544, 0.11379998922348022, 0.11329696327447891, 0.11295948922634125, 0.11218570917844772, 0.11147397756576538, 0.11215096712112427, 0.11023728549480438, 0.11092489957809448, 0.10990049690008163, 0.11095944792032242, 0.10765011608600616, 0.10791298002004623, 0.10721562057733536, 0.10761606693267822, 0.10551266372203827, 0.10585784167051315, 0.10724491626024246, 0.10603193193674088, 0.10605791211128235, 0.10514252632856369, 0.10426313430070877, 0.10393411666154861, 0.10226501524448395, 0.10307134687900543, 0.10379311442375183, 0.10210854560136795], "val_acc": [0.8057000041007996, 0.8898000121116638, 0.9108999967575073, 0.9218000173568726, 0.9312999844551086, 0.9369999766349792, 0.9402999877929688, 0.9444000124931335, 0.9460999965667725, 0.9484000205993652, 0.9508000016212463, 0.9528999924659729, 0.9542999863624573, 0.9560999870300293, 0.9570000171661377, 0.9574000239372253, 0.9587000012397766, 0.9596999883651733, 0.9611999988555908, 0.9616000056266785, 0.9627000093460083, 0.963100016117096, 0.9635000228881836, 0.9641000032424927, 0.9642999768257141, 0.9650999903678894, 0.9653000235557556, 0.964900016784668, 0.9660000205039978, 0.9666000008583069, 0.9672999978065491, 0.967199981212616, 0.9681000113487244, 0.9681000113487244, 0.9689000248908997, 0.9692000150680542, 0.9692999720573425, 0.9700999855995178, 0.9702000021934509, 0.9710000157356262, 0.9710999727249146, 0.9714999794960022, 0.9718000292778015, 0.9721999764442444, 0.972000002861023, 0.9726999998092651, 0.9724000096321106, 0.9725000262260437, 0.9728999733924866, 0.9732000231742859, 0.9735000133514404, 0.9733999967575073, 0.9743000268936157, 0.9746999740600586, 0.9746000170707703, 0.9747999906539917, 0.9751999974250793, 0.9747999906539917, 0.9757999777793884, 0.975600004196167, 0.9757000207901001, 0.9757999777793884, 0.9760000109672546, 0.9763000011444092, 0.9768000245094299, 0.9768999814987183, 0.9768000245094299, 0.9772999882698059, 0.9771999716758728, 0.9776999950408936, 0.9779000282287598, 0.9779999852180481, 0.9782000184059143, 0.9781000018119812, 0.9782999753952026, 0.9782000184059143, 0.978600025177002, 0.9789000153541565, 0.9789999723434448, 0.9785000085830688, 0.9787999987602234, 0.979200005531311, 0.9790999889373779, 0.979200005531311, 0.9787999987602234, 0.979200005531311, 0.979200005531311, 0.9793999791145325, 0.979200005531311, 0.9796000123023987, 0.9794999957084656, 0.9800999760627747, 0.9797000288963318, 0.9800999760627747, 0.9797000288963318, 0.9803000092506409, 0.9801999926567078, 0.9800999760627747, 0.9801999926567078, 0.9805999994277954],