{"acc": [0.9413999915122986, 0.9747999906539917, 0.9800166487693787, 0.9837666749954224, 0.9852833151817322, 0.9865166544914246, 0.9873666763305664, 0.9876833558082581, 0.9887333512306213, 0.9890666604042053, 0.9903333187103271, 0.9907500147819519, 0.9905666708946228, 0.9918500185012817, 0.9921166896820068, 0.9915333390235901, 0.9927999973297119, 0.9921166896820068, 0.9937166571617126, 0.9947500228881836, 0.9945999979972839, 0.9948499798774719, 0.9954333305358887, 0.9952333569526672, 0.9949666857719421, 0.995116651058197, 0.9952999949455261, 0.9956166744232178, 0.9967833161354065, 0.99631667137146, 0.9969333410263062, 0.9970499873161316, 0.9970333576202393, 0.9970166683197021, 0.9970166683197021, 0.9970999956130981, 0.9973666667938232, 0.9975333213806152, 0.9978500008583069, 0.9982333183288574, 0.998033344745636, 0.9979666471481323, 0.9981666803359985, 0.9980000257492065, 0.998199999332428, 0.9982666373252869, 0.9982500076293945, 0.9985499978065491, 0.9986333250999451, 0.9986666440963745, 0.9987666606903076, 0.9987000226974487, 0.9989333152770996, 0.9987166523933411, 0.9989833235740662, 0.9989333152770996, 0.9988833069801331, 0.9991000294685364, 0.9994000196456909, 0.9992333054542542, 0.9991999864578247, 0.9993666410446167, 0.9991666674613953, 0.9993000030517578, 0.9993166923522949, 0.9992166757583618, 0.9991499781608582, 0.9994999766349792, 0.9993333220481873, 0.9996166825294495, 0.9994833469390869, 0.9996333122253418, 0.9994333386421204, 0.9994833469390869, 0.9996500015258789, 0.9994999766349792, 0.9995333552360535, 0.999666690826416, 0.9996833205223083, 0.9996333122253418, 0.9996833205223083, 0.9995833039283752, 0.9997833371162415, 0.9996833205223083, 0.9996833205223083, 0.9995333552360535, 0.999666690826416, 0.9997000098228455, 0.999750018119812, 0.9998499751091003, 0.9997333288192749, 0.9995666742324829, 0.9997166395187378, 0.9997833371162415, 0.9998166561126709, 0.9997333288192749, 0.9996833205223083, 0.9998666644096375, 0.9997166395187378, 0.9997666478157043], "loss": [0.19007062911987305, 0.0828661248087883, 0.06440231949090958, 0.05387265235185623, 0.04821198433637619, 0.04546508565545082, 0.04089716076850891, 0.03868758678436279, 0.035874877125024796, 0.03360170125961304, 0.03145379200577736, 0.03039560467004776, 0.0306635070592165, 0.027761489152908325, 0.026559440419077873, 0.027291852980852127, 0.024309834465384483, 0.0254750307649374, 0.01979418471455574, 0.017584504559636116, 0.017191672697663307, 0.016313061118125916, 0.014914658851921558, 0.01583126373589039, 0.015844399109482765, 0.016597779467701912, 0.015361752361059189, 0.014015347696840763, 0.009889151901006699, 0.011265012435615063, 0.010037782602012157, 0.00897937174886465, 0.00925167091190815, 0.009204554371535778, 0.010843409225344658, 0.009071153588593006, 0.007777535356581211, 0.007692927028983831, 0.007841388694941998, 0.0052383942529559135, 0.00630161352455616, 0.006343103479593992, 0.005781244020909071, 0.006181898061186075, 0.005610250867903233, 0.006228475831449032, 0.005177676677703857, 0.0045332275331020355, 0.004427650012075901, 0.004176878370344639, 0.0037981399800628424, 0.0037211705930531025, 0.003449654206633568, 0.00420196121558547, 0.0028479942120611668, 0.003373959567397833, 0.004304815549403429, 0.0035984371788799763, 0.0016881623305380344, 0.00224759872071445, 0.0023663232568651438, 0.0018654846353456378, 0.0024806244764477015, 0.002179488306865096, 0.002125955419614911, 0.0023436930496245623, 0.002906497335061431, 0.0015713177854195237, 0.0016232588095590472, 0.0012052516685798764, 0.0022733972873538733, 0.001155576203018427, 0.001659897854551673, 0.0019303321605548263, 0.0012035933323204517, 0.0015314737102016807, 0.001550660585053265, 0.001234157825820148, 0.0013045327505096793, 0.0012273156316950917, 0.0011290637776255608, 0.0017102613346651196, 0.0006205125246196985, 0.0009476051782257855, 0.001069742487743497, 0.0016685273731127381, 0.001382604124955833, 0.0011057840893045068, 0.0006879010470584035, 0.00057013746118173, 0.0009560201433487236, 0.0010410153772681952, 0.0007676422246731818, 0.0006382244755513966, 0.000782832212280482, 0.0009118355810642242, 0.0009469654760323465, 0.00062033801805228, 0.0007664805743843317, 0.0007462460198439658], "val_acc": [0.9782000184059143, 0.9843999743461609, 0.9851999878883362, 0.9891999959945679, 0.9868000149726868, 0.9896000027656555, 0.9869999885559082, 0.9905999898910522, 0.9890000224113464, 0.9887999892234802, 0.9865999817848206, 0.9886999726295471, 0.9897000193595886, 0.9886999726295471, 0.9884999990463257, 0.9894999861717224, 0.986299991607666, 0.9898999929428101, 0.9914000034332275, 0.9909999966621399, 0.9911999702453613, 0.9919000267982483, 0.9909999966621399, 0.9911999702453613, 0.9904000163078308, 0.991100013256073, 0.9919000267982483, 0.9908000230789185, 0.9909999966621399, 0.9922000169754028, 0.9912999868392944, 0.9919999837875366, 0.9918000102043152, 0.9919000267982483, 0.9925000071525574, 0.9926000237464905, 0.9919999837875366, 0.9926999807357788, 0.9923999905586243, 0.9925000071525574, 0.9922000169754028, 0.992900013923645, 0.991599977016449, 0.9937000274658203, 0.991599977016449, 0.9922000169754028, 0.9925000071525574, 0.9915000200271606, 0.9921000003814697, 0.9925000071525574, 0.992900013923645, 0.9933000206947327, 0.9926000237464905, 0.9925000071525574, 0.9933000206947327, 0.993399977684021, 0.9939000010490417, 0.9921000003814697, 0.9936000108718872, 0.9937000274658203, 0.9937000274658203, 0.993399977684021, 0.9936000108718872, 0.9934999942779541, 0.9933000206947327, 0.9937000274658203, 0.993399977684021, 0.9930999875068665, 0.9934999942779541, 0.9932000041007996, 0.993399977684021, 0.9939000010490417, 0.9937000274658203, 0.9940000176429749, 0.9940000176429749, 0.9932000041007996, 0.9934999942779541, 0.9932000041007996, 0.992900013923645, 0.9933000206947327, 0.992900013923645, 0.9936000108718872, 0.9934999942779541, 0.9940000176429749, 0.9937000274658203, 0.9941999912261963, 0.9943000078201294, 0.9939000010490417, 0.9937999844551086, 0.9937999844551086, 0.9943000078201294, 0.9936000108718872, 0.9937999844551086, 0.9930999875068665, 0.9936000108718872, 0.9936000108718872, 0.9932000041007996, 0.992900013923645, 0.9936000108718872, 0.9926999807357788],