{"acc": [0.9437000155448914, 0.9453833103179932, 0.9475833177566528, 0.9482499957084656, 0.9499333500862122, 0.9515666961669922, 0.9521666765213013, 0.9540333151817322, 0.9538999795913696, 0.9556999802589417, 0.9567999839782715, 0.9577333331108093, 0.9574499726295471, 0.9585833549499512, 0.9591666460037231, 0.9591000080108643, 0.9606000185012817, 0.9605833292007446, 0.9622166752815247, 0.9617499709129333, 0.9627500176429749, 0.9634000062942505, 0.9637500047683716, 0.9628999829292297, 0.9643666744232178, 0.964816689491272, 0.9644833207130432, 0.9643999934196472, 0.9645166397094727, 0.9660999774932861, 0.9664666652679443, 0.965833306312561, 0.967199981212616, 0.9661499857902527, 0.9678500294685364, 0.9673166871070862, 0.9676833152770996, 0.9686166644096375, 0.9680166840553284, 0.9680666923522949, 0.9694166779518127, 0.9689499735832214, 0.968833327293396, 0.9697833061218262, 0.9699166417121887, 0.9697499871253967, 0.9706500172615051, 0.9694333076477051, 0.97038334608078, 0.9703333377838135], "loss": [0.18736542761325836, 0.18121306598186493, 0.1746363490819931, 0.171176478266716, 0.16500695049762726, 0.16052362322807312, 0.15760065615177155, 0.15189972519874573, 0.14989244937896729, 0.14667829871177673, 0.14192503690719604, 0.1388198733329773, 0.1392946094274521, 0.13574038445949554, 0.13421042263507843, 0.13412690162658691, 0.12987256050109863, 0.12831532955169678, 0.12565992772579193, 0.12386263906955719, 0.12175020575523376, 0.12027192115783691, 0.11915457993745804, 0.11930660903453827, 0.11703454703092575, 0.11633110046386719, 0.11430329829454422, 0.11347644031047821, 0.11458518356084824, 0.11112634837627411, 0.1092824712395668, 0.10939087718725204, 0.10783231258392334, 0.1086997389793396, 0.10645343363285065, 0.10679815709590912, 0.10523466020822525, 0.10394740849733353, 0.10403204709291458, 0.10316270589828491, 0.1023474782705307, 0.10075641423463821, 0.0990387499332428, 0.09828778356313705, 0.09856092184782028, 0.09866157174110413, 0.0977010428905487, 0.09862566739320755, 0.09600074589252472, 0.0969453826546669], "val_acc": [0.9595999717712402, 0.9609000086784363, 0.9617999792098999, 0.9624999761581421, 0.9631999731063843, 0.9645000100135803, 0.965499997138977, 0.965499997138977, 0.9666000008583069, 0.9672999978065491, 0.9679999947547913, 0.9689000248908997, 0.9690999984741211, 0.9697999954223633, 0.9700999855995178, 0.9703999757766724, 0.9707000255584717, 0.9714000225067139, 0.9718000292778015, 0.972000002861023, 0.9725000262260437, 0.972599983215332, 0.9728000164031982, 0.9728000164031982, 0.9731000065803528, 0.9732999801635742, 0.9735000133514404, 0.9739000201225281, 0.9743000268936157, 0.9743000268936157, 0.9742000102996826, 0.974399983882904, 0.9745000004768372, 0.9746999740600586, 0.9746999740600586, 0.9750000238418579, 0.9751999974250793, 0.9751999974250793, 0.9757000207901001, 0.9763000011444092, 0.9768999814987183, 0.9768000245094299, 0.9769999980926514, 0.9768999814987183, 0.9771000146865845, 0.9771000146865845, 0.9771999716758728, 0.9778000116348267, 0.9778000116348267, 0.9779000282287598], "val_loss": [0.13597649335861206, 0.13085556030273438, 0.12669138610363007, 0.12245122343301773, 0.11878301948308945, 0.11510683596134186, 0.1119169071316719, 0.10942670702934265, 0.10670232027769089, 0.10435332357883453, 0.10218819230794907, 0.10002432763576508, 0.0981857180595398, 0.0965915247797966, 0.0946313664317131, 0.0933636873960495, 0.09196021407842636, 0.09052001684904099, 0.08931662887334824, 0.08798010647296906, 0.08676250278949738, 0.08589092642068863, 0.08487387001514435, 0.08390843868255615, 0.0827406644821167, 0.08192502707242966, 0.08100508898496628, 0.0801229178905487, 0.07949752360582352, 0.0788392573595047, 0.07801707834005356, 0.07753583043813705, 0.07666834443807602, 0.07585746794939041, 0.07534874230623245, 0.07491664588451385, 0.07418811321258545, 0.0735669806599617, 0.07297365367412567, 0.07238132506608963, 0.07196608185768127, 0.07146137952804565, 0.07103072106838226, 0.07054856419563293, 0.07012122124433517, 0.06978965550661087, 0.06913697719573975, 0.06884261220693588, 0.06842527538537979, 0.06801217794418335]}