{"acc": [0.16294999420642853, 0.2806166708469391, 0.3463333249092102, 0.4264333248138428, 0.4850333333015442, 0.4948333203792572, 0.5729666948318481, 0.5910999774932861, 0.6224333047866821, 0.6430333256721497, 0.7152000069618225, 0.7739499807357788, 0.7932666540145874, 0.7974166870117188, 0.8022833466529846, 0.8070999979972839, 0.8104666471481323, 0.8139833211898804, 0.8204333186149597, 0.8335333466529846, 0.8673166632652283, 0.8946666717529297, 0.8957666754722595, 0.9017666578292847, 0.9085666537284851, 0.9125499725341797, 0.9180166721343994, 0.9251833558082581, 0.9309999942779541, 0.9348666667938232, 0.9370333552360535, 0.9387999773025513, 0.9419999718666077, 0.9423999786376953, 0.9455500245094299, 0.9545166492462158, 0.958383321762085, 0.9594833254814148, 0.9613000154495239, 0.9632666707038879, 0.9635000228881836, 0.9667666554450989, 0.9699666500091553, 0.9701666831970215, 0.9716833233833313, 0.9733833074569702, 0.9741666913032532, 0.9752166867256165, 0.9761499762535095, 0.9775333404541016, 0.9774166941642761, 0.9787999987602234, 0.9811499714851379, 0.9798333048820496, 0.980816662311554, 0.9812666773796082, 0.9812666773796082, 0.982200026512146, 0.9817166924476624, 0.9836500287055969, 0.9835500121116638, 0.9838666915893555, 0.9850000143051147, 0.9851166605949402, 0.9855833053588867, 0.9856833219528198, 0.9850833415985107, 0.9865999817848206, 0.9860166907310486, 0.9861000180244446, 0.9853666424751282, 0.9874833226203918, 0.9863166809082031, 0.9873999953269958, 0.9873999953269958, 0.9876833558082581, 0.9877333045005798, 0.9873833060264587, 0.9881166815757751, 0.9876999855041504, 0.9871000051498413, 0.987666666507721, 0.9881166815757751, 0.9886000156402588, 0.9880833625793457, 0.9880499839782715, 0.9878000020980835, 0.9883333444595337, 0.9883833527565002, 0.9881666898727417, 0.9887999892234802, 0.9886500239372253, 0.9897666573524475, 0.9891166687011719, 0.9889333248138428, 0.9892500042915344, 0.9888833165168762, 0.9898499846458435, 0.9893166422843933, 0.9897333383560181], "loss": [2.181537389755249, 1.7882232666015625, 1.52511727809906, 1.3503271341323853, 1.1911704540252686, 1.1175848245620728, 1.0037165880203247, 0.8771984577178955, 0.8090006113052368, 0.7788968086242676, 0.7257769107818604, 0.6306132674217224, 0.5558481812477112, 0.5016465783119202, 0.48039036989212036, 0.45490187406539917, 0.44150540232658386, 0.42469343543052673, 0.40986213088035583, 0.3926708698272705, 0.3639886975288391, 0.320184588432312, 0.3053041994571686, 0.2824467420578003, 0.26921477913856506, 0.2521829903125763, 0.23694205284118652, 0.2224930375814438, 0.21757125854492188, 0.2086946666240692, 0.19830985367298126, 0.19064752757549286, 0.1774023324251175, 0.17557992041110992, 0.16706736385822296, 0.15201477706432343, 0.14276732504367828, 0.1361543834209442, 0.13241355121135712, 0.12509796023368835, 0.1206580400466919, 0.11349590867757797, 0.10615301877260208, 0.10378280282020569, 0.10047745704650879, 0.09477763622999191, 0.09476310014724731, 0.09025697410106659, 0.08567371219396591, 0.08287268131971359, 0.08127706497907639, 0.07812251150608063, 0.07146984338760376, 0.07448156923055649, 0.07161740958690643, 0.06864568591117859, 0.06966309249401093, 0.06573570519685745, 0.0668504610657692, 0.06237906962633133, 0.060714349150657654, 0.06101825088262558, 0.05618911609053612, 0.05556902289390564, 0.05424587428569794, 0.054048314690589905, 0.05537199229001999, 0.051669642329216, 0.0537833534181118, 0.05297016352415085, 0.05211503803730011, 0.049450818449258804, 0.05111996829509735, 0.04887174442410469, 0.047355908900499344, 0.04778691381216049, 0.04694173112511635, 0.04821057990193367, 0.04538235813379288, 0.04667927324771881, 0.04778216406702995, 0.04665999487042427, 0.04480758309364319, 0.043958865106105804, 0.04564732313156128, 0.04425318166613579, 0.04457184299826622, 0.04501849412918091, 0.04411483556032181, 0.04501216486096382, 0.04282423108816147, 0.04270567372441292, 0.04050189256668091, 0.04218871891498566, 0.04209582135081291, 0.04073343053460121, 0.0416041798889637, 0.03882346302270889, 0.04038800299167633, 0.040449004620313644], "val_acc": [0.323199987411499, 0.42309999465942383, 0.4065999984741211, 0.5127999782562256, 0.5472999811172485, 0.5561000108718872, 0.7426999807357788, 0.7343000173568726, 0.7572000026702881, 0.8004999756813049, 0.8657000064849854, 0.8644999861717224, 0.7922999858856201, 0.7937999963760376, 0.7922999858856201, 0.7886999845504761, 0.786899983882904, 0.7914999723434448, 0.7983999848365784, 0.8356000185012817, 0.8758999705314636, 0.8827999830245972, 0.8691999912261963, 0.8774999976158142, 0.8762000203132629, 0.8798999786376953, 0.878000020980835, 0.8790000081062317, 0.8751000165939331, 0.8740000128746033, 0.8816999793052673, 0.8805999755859375, 0.8845000267028809, 0.8826000094413757, 0.883899986743927, 0.887499988079071, 0.8899000287055969, 0.890999972820282, 0.8896999955177307, 0.8901000022888184, 0.8895999789237976, 0.8906000256538391, 0.8884999752044678, 0.8898000121116638, 0.8909000158309937, 0.8903999924659729, 0.890500009059906, 0.8902999758720398, 0.8902000188827515, 0.8895999789237976, 0.8913000226020813, 0.890500009059906, 0.8907999992370605, 0.8903999924659729, 0.890500009059906, 0.8902999758720398, 0.8906000256538391, 0.8895000219345093, 0.8902999758720398, 0.8902000188827515, 0.8899999856948853, 0.8902999758720398, 0.890500009059906, 0.8895999789237976, 0.88919997215271, 0.8913000226020813, 0.8903999924659729, 0.8912000060081482, 0.8902999758720398, 0.8906000256538391, 0.8909000158309937, 0.8914999961853027, 0.8906999826431274, 0.8913999795913696, 0.8903999924659729, 0.8917999863624573, 0.890999972820282, 0.8917999863624573, 0.8920000195503235, 0.890999972820282, 0.8914999961853027, 0.890500009059906, 0.8903999924659729, 0.8910999894142151, 0.890999972820282, 0.8906999826431274, 0.8913000226020813, 0.8913999795913696, 0.891700029373169, 0.8910999894142151, 0.8913999795913696, 0.8906999826431274, 0.8913000226020813, 0.8913000226020813, 0.8906999826431274, 0.8910999894142151, 0.8914999961853027, 0.891700029373169, 0.890500009059906, 0.8909000158309937],