{"acc": [0.6671833395957947, 0.8630499839782715, 0.8927666544914246, 0.9054999947547913, 0.9141833186149597, 0.9224500060081482, 0.9272333383560181, 0.9322999715805054, 0.935533344745636, 0.9386833310127258, 0.9400833249092102, 0.9414833188056946, 0.9457499980926514, 0.9464166760444641, 0.9473666548728943, 0.9496666789054871, 0.950166642665863, 0.95169997215271, 0.9536499977111816, 0.9535999894142151, 0.9548500180244446, 0.9564499855041504, 0.956416666507721, 0.9579499959945679, 0.9576833248138428, 0.9592333436012268, 0.9593666791915894, 0.9605000019073486, 0.9606333374977112, 0.9608166813850403, 0.9614666700363159, 0.9615333080291748, 0.9628999829292297, 0.962233304977417, 0.9624000191688538, 0.963533341884613, 0.9633166790008545, 0.9648666381835938, 0.9641500115394592, 0.9652166962623596, 0.9656833410263062, 0.9646166563034058, 0.9653333425521851, 0.9658666849136353, 0.9663500189781189, 0.9663666486740112, 0.9673166871070862, 0.9666000008583069, 0.9676833152770996, 0.9674333333969116, 0.9673333168029785, 0.9673333168029785, 0.9681500196456909, 0.9690666794776917, 0.968833327293396, 0.9680166840553284, 0.9694666862487793, 0.9693833589553833, 0.9693666696548462, 0.9693999886512756, 0.9698833227157593, 0.9703166484832764, 0.9697166681289673, 0.9699666500091553, 0.9705666899681091, 0.9704166650772095, 0.9700166583061218, 0.971666693687439, 0.9708166718482971, 0.9707333445549011, 0.9709500074386597, 0.9713333249092102, 0.9708166718482971, 0.9708499908447266, 0.972083330154419, 0.972083330154419, 0.9727333188056946, 0.9725333452224731, 0.972683310508728, 0.9723333120346069, 0.9719833135604858, 0.9728166460990906, 0.973716676235199, 0.9726666808128357, 0.973633348941803, 0.9729666709899902, 0.9737666845321655, 0.9728999733924866, 0.9724500179290771, 0.9739500284194946, 0.9732833504676819, 0.9733333587646484, 0.9739333391189575, 0.974399983882904, 0.9741833209991455, 0.9743666648864746, 0.973633348941803, 0.9741166830062866, 0.9749333262443542, 0.9750666618347168], "loss": [1.1884077787399292, 0.4697319567203522, 0.36547034978866577, 0.3160836696624756, 0.28543949127197266, 0.258955717086792, 0.24246369302272797, 0.2282215803861618, 0.21546518802642822, 0.20684762299060822, 0.19833573698997498, 0.19134260714054108, 0.18181785941123962, 0.1766662895679474, 0.17391201853752136, 0.1682407706975937, 0.16401787102222443, 0.1587405651807785, 0.15519262850284576, 0.1545480340719223, 0.1493053287267685, 0.1466861367225647, 0.14386296272277832, 0.14033246040344238, 0.14044417440891266, 0.13660132884979248, 0.13469044864177704, 0.13325484097003937, 0.130243718624115, 0.12913277745246887, 0.12677763402462006, 0.12520386278629303, 0.1233459860086441, 0.12380609661340714, 0.12210411578416824, 0.12159675359725952, 0.11971673369407654, 0.11883502453565598, 0.11801840364933014, 0.11580762267112732, 0.11368546634912491, 0.11449803411960602, 0.11428787559270859, 0.11176261305809021, 0.11078116297721863, 0.10953720659017563, 0.10853513330221176, 0.1093762069940567, 0.10745469480752945, 0.10639061778783798, 0.10718681663274765, 0.10577485710382462, 0.10443387925624847, 0.10299541801214218, 0.10346062481403351, 0.10283656418323517, 0.10042968392372131, 0.10198279470205307, 0.09936600178480148, 0.09894736111164093, 0.09749723225831985, 0.09814922511577606, 0.0984698235988617, 0.09790682047605515, 0.09591826796531677, 0.09612537175416946, 0.09629712253808975, 0.09486854821443558, 0.09481140971183777, 0.09475205093622208, 0.0928925946354866, 0.09327906370162964, 0.09385093301534653, 0.09325087070465088, 0.09268821775913239, 0.0914887934923172, 0.09065386652946472, 0.09090364724397659, 0.08977597951889038, 0.08961092680692673, 0.09058114886283875, 0.08908064663410187, 0.08716271072626114, 0.0887567326426506, 0.08722026646137238, 0.08726470172405243, 0.0871889740228653, 0.08740507066249847, 0.0876416563987732, 0.08594056218862534, 0.08627820014953613, 0.08639691770076752, 0.08612923324108124, 0.08483907580375671, 0.08453712612390518, 0.0841987356543541, 0.08587309718132019, 0.08315175026655197, 0.08294430375099182, 0.08284119516611099], "val_acc": [0.8855000138282776, 0.9161999821662903, 0.9283999800682068, 0.9354000091552734, 0.9417999982833862, 0.9466999769210815, 0.9503999948501587, 0.953000009059906, 0.9542999863624573, 0.9567000269889832, 0.9587000012397766, 0.9602000117301941, 0.9610000252723694, 0.9624999761581421, 0.9638000130653381, 0.9646999835968018, 0.965499997138977, 0.9663000106811523, 0.9666000008583069, 0.967199981212616, 0.9679999947547913, 0.9678000211715698, 0.9685999751091003, 0.9688000082969666, 0.9693999886512756, 0.9700000286102295, 0.970300018787384, 0.9708999991416931, 0.9717000126838684, 0.9718999862670898, 0.9718999862670898, 0.9729999899864197, 0.9735999703407288, 0.9735999703407288, 0.9735999703407288, 0.9743000268936157, 0.9746999740600586, 0.9750000238418579, 0.9749000072479248, 0.9754999876022339, 0.9751999974250793, 0.9760000109672546, 0.9760000109672546, 0.9764000177383423, 0.9764999747276306, 0.9768999814987183, 0.9769999980926514, 0.9771999716758728, 0.9769999980926514, 0.9775999784469604, 0.9779000282287598, 0.9778000116348267, 0.9778000116348267, 0.9775999784469604, 0.9779999852180481, 0.9779999852180481, 0.9779999852180481, 0.9781000018119812, 0.9782000184059143, 0.9783999919891357, 0.978600025177002, 0.9787999987602234, 0.9786999821662903, 0.9790999889373779, 0.9789000153541565, 0.9789000153541565, 0.9789999723434448, 0.9793000221252441, 0.9789000153541565, 0.9794999957084656, 0.9794999957084656, 0.9794999957084656, 0.9796000123023987, 0.9794999957084656, 0.9794999957084656, 0.9797000288963318, 0.9801999926567078, 0.9799000024795532, 0.9799000024795532, 0.980400025844574, 0.9804999828338623, 0.980400025844574, 0.9805999994277954, 0.9804999828338623, 0.9805999994277954, 0.9807000160217285, 0.9805999994277954, 0.9807999730110168, 0.9807000160217285, 0.9807999730110168, 0.9810000061988831, 0.9811999797821045, 0.9811000227928162, 0.9811000227928162, 0.9810000061988831, 0.9811999797821045, 0.9811999797821045, 0.9812999963760376, 0.9812999963760376, 0.9812999963760376],