{"acc": [0.9956499934196472, 0.9958666563034058, 0.9965166449546814, 0.9956333041191101, 0.9962833523750305, 0.9969499707221985, 0.9960500001907349, 0.9959999918937683, 0.9962833523750305, 0.9963833093643188, 0.996066689491272, 0.9958500266075134, 0.9963333606719971, 0.9962499737739563, 0.9960333108901978, 0.996666669845581, 0.9961333274841309, 0.9955666661262512, 0.9961666464805603, 0.996833324432373, 0.9967333078384399, 0.9961333274841309, 0.9966833591461182, 0.996649980545044, 0.9961333274841309, 0.9973000288009644, 0.9963499903678894, 0.9968500137329102, 0.9961666464805603, 0.9967333078384399, 0.9967333078384399, 0.9968166947364807, 0.996483325958252, 0.9960833191871643, 0.9966333508491516, 0.996749997138977, 0.9962000250816345, 0.9964500069618225, 0.9963333606719971, 0.9971166849136353, 0.996150016784668, 0.996649980545044, 0.9966833591461182, 0.9968833327293396, 0.9965500235557556, 0.996666669845581, 0.9962166547775269, 0.996749997138977, 0.9970499873161316, 0.9970333576202393, 0.9971166849136353, 0.9974666833877563, 0.9964166879653931, 0.9969833493232727, 0.9967666864395142, 0.9965166449546814, 0.9962166547775269, 0.996483325958252, 0.9968833327293396, 0.9969499707221985, 0.9969666600227356, 0.9966333508491516, 0.9965500235557556, 0.9970999956130981, 0.9964166879653931, 0.9969333410263062, 0.996916651725769, 0.996833324432373, 0.9970666766166687, 0.9970666766166687, 0.9965333342552185, 0.9972000122070312, 0.9969000220298767, 0.9970499873161316, 0.9973333477973938, 0.9970333576202393, 0.9969000220298767, 0.9967333078384399, 0.9967666864395142, 0.9973666667938232, 0.9960833191871643, 0.9971666932106018, 0.9967666864395142, 0.9967833161354065, 0.9966333508491516, 0.9974166750907898, 0.996150016784668, 0.996649980545044, 0.9973833560943604, 0.997083306312561, 0.996483325958252, 0.9968000054359436, 0.9971166849136353, 0.996999979019165, 0.9969833493232727, 0.9973833560943604, 0.9973166584968567, 0.9962499737739563, 0.996483325958252, 0.9970333576202393], "loss": [0.016652334481477737, 0.01643218658864498, 0.01393998134881258, 0.018316680565476418, 0.014210792258381844, 0.013181806541979313, 0.01738990843296051, 0.015935435891151428, 0.014507366344332695, 0.014497954398393631, 0.014284049160778522, 0.016801921650767326, 0.015824828296899796, 0.01506185531616211, 0.0163861196488142, 0.012868672609329224, 0.015505124814808369, 0.02003135159611702, 0.015135802328586578, 0.013334241695702076, 0.014399612322449684, 0.015705520287156105, 0.013279390521347523, 0.014554930850863457, 0.016068242490291595, 0.012084269896149635, 0.017979387193918228, 0.013666107319295406, 0.01597731001675129, 0.013993882574141026, 0.014687190763652325, 0.014090999960899353, 0.014217594638466835, 0.015311244875192642, 0.013216076418757439, 0.014829084277153015, 0.01571480929851532, 0.017681069672107697, 0.016702955588698387, 0.011132964864373207, 0.01649945229291916, 0.014982371591031551, 0.013935348950326443, 0.015779657289385796, 0.014371468685567379, 0.014185008592903614, 0.01664125733077526, 0.013595867902040482, 0.013970847241580486, 0.013358053751289845, 0.012945486232638359, 0.012994403019547462, 0.01562899723649025, 0.013595118187367916, 0.01152856182307005, 0.015347681939601898, 0.015743669122457504, 0.015991300344467163, 0.015449372120201588, 0.012973987497389317, 0.014907600358128548, 0.012953256256878376, 0.014177186414599419, 0.012884944677352905, 0.01459139958024025, 0.013871731236577034, 0.015169459395110607, 0.013948304578661919, 0.013741804286837578, 0.012233635410666466, 0.01871553622186184, 0.012044766917824745, 0.0143759585916996, 0.013022269122302532, 0.010784490965306759, 0.012261328287422657, 0.013166208751499653, 0.015143676660954952, 0.015013025142252445, 0.012352826073765755, 0.019108014181256294, 0.01371398288756609, 0.013387504033744335, 0.015194838866591454, 0.01699204556643963, 0.011888948269188404, 0.017791368067264557, 0.017112772911787033, 0.01175729651004076, 0.015388477593660355, 0.01609637774527073, 0.013143950141966343, 0.014016211032867432, 0.012598141096532345, 0.01585516706109047, 0.012302994728088379, 0.01188826933503151, 0.019710063934326172, 0.016598952934145927, 0.012185313738882542], "val_acc": [0.9901000261306763, 0.991599977016449, 0.9901000261306763, 0.9901000261306763, 0.9896000027656555, 0.9904999732971191, 0.9890000224113464, 0.9904000163078308, 0.9901000261306763, 0.9911999702453613, 0.991100013256073, 0.9912999868392944, 0.9908999800682068, 0.9902999997138977, 0.9896000027656555, 0.9897000193595886, 0.9901999831199646, 0.9904999732971191, 0.9898999929428101, 0.9904000163078308, 0.9900000095367432, 0.9894000291824341, 0.9894999861717224, 0.9911999702453613, 0.9902999997138977, 0.9904000163078308, 0.9908000230789185, 0.9901000261306763, 0.9916999936103821, 0.9912999868392944, 0.9905999898910522, 0.9898999929428101, 0.9882000088691711, 0.9915000200271606, 0.9904999732971191, 0.9891999959945679, 0.9890000224113464, 0.9911999702453613, 0.9908999800682068, 0.9879000186920166, 0.9897000193595886, 0.9901999831199646, 0.9894000291824341, 0.9909999966621399, 0.991599977016449, 0.9908000230789185, 0.9904999732971191, 0.9908000230789185, 0.9908999800682068, 0.9902999997138977, 0.9914000034332275, 0.9879999756813049, 0.9901000261306763, 0.991599977016449, 0.9901999831199646, 0.989300012588501, 0.9886999726295471, 0.9916999936103821, 0.9886999726295471, 0.9902999997138977, 0.9908000230789185, 0.9912999868392944, 0.989799976348877, 0.9904999732971191, 0.9908999800682068, 0.9891999959945679, 0.9896000027656555, 0.991100013256073, 0.9887999892234802, 0.9871000051498413, 0.9914000034332275, 0.9898999929428101, 0.9908999800682068, 0.9901999831199646, 0.9894999861717224, 0.9896000027656555, 0.9894999861717224, 0.9900000095367432, 0.9909999966621399, 0.9897000193595886, 0.9908000230789185, 0.9907000064849854, 0.989799976348877, 0.9902999997138977, 0.9911999702453613, 0.9915000200271606, 0.9894999861717224, 0.9904000163078308, 0.989799976348877, 0.9905999898910522, 0.988099992275238, 0.9898999929428101, 0.9908000230789185, 0.9884999990463257, 0.9901999831199646, 0.9914000034332275, 0.991100013256073, 0.9905999898910522, 0.991599977016449, 0.9901999831199646],