{"acc": [0.9295333623886108, 0.973550021648407, 0.9810333251953125, 0.9840499758720398, 0.9864000082015991, 0.9876166582107544, 0.9890166521072388, 0.9902833104133606, 0.9908999800682068, 0.991266667842865, 0.992816686630249, 0.9933500289916992, 0.9931333065032959, 0.993483304977417, 0.9935666918754578, 0.9940999746322632, 0.9945166707038879, 0.9944833517074585, 0.9945166707038879, 0.9956166744232178, 0.9962833523750305, 0.9963333606719971, 0.9966166615486145, 0.9964500069618225, 0.996916651725769, 0.9968666434288025, 0.996749997138977, 0.9965999722480774, 0.9973333477973938, 0.9975666403770447, 0.9976999759674072, 0.99795001745224, 0.9980000257492065, 0.9983500242233276, 0.997866690158844, 0.9976999759674072, 0.9982666373252869, 0.9983333349227905, 0.9982166886329651, 0.9985666871070862, 0.9988999962806702, 0.9984999895095825, 0.9989666938781738, 0.9990833401679993, 0.9990666508674622, 0.9989666938781738, 0.9986333250999451, 0.9987999796867371, 0.9986000061035156, 0.9992499947547913, 0.9994000196456909, 0.9990333318710327, 0.9993333220481873, 0.9991833567619324, 0.9993000030517578, 0.9993333220481873, 0.9993000030517578, 0.9994333386421204, 0.9991833567619324, 0.9995166659355164, 0.9996166825294495, 0.9996166825294495, 0.9994999766349792, 0.9994833469390869, 0.9996166825294495, 0.9994000196456909, 0.999666690826416, 0.9995833039283752, 0.9994500279426575, 0.9996500015258789, 0.9995333552360535, 0.9995666742324829, 0.9996500015258789, 0.9996333122253418, 0.999666690826416, 0.9997000098228455, 0.9997333288192749, 0.9994333386421204, 0.999666690826416, 0.9997666478157043, 0.999833345413208, 0.9997833371162415, 0.9996833205223083, 0.9997833371162415, 0.9998000264167786, 0.9997000098228455, 0.9997000098228455, 0.9998833537101746, 0.999833345413208, 0.9997833371162415, 0.9998499751091003, 0.9997833371162415, 0.9997666478157043, 0.999750018119812, 0.9998000264167786, 0.999916672706604, 0.9998499751091003, 0.9997666478157043, 0.9996833205223083, 0.9998833537101746], "loss": [0.22650937736034393, 0.08452100306749344, 0.06350255757570267, 0.052558377385139465, 0.0445224829018116, 0.03951037675142288, 0.036129988729953766, 0.03127310797572136, 0.030168229714035988, 0.029044443741440773, 0.024525610730051994, 0.02174610272049904, 0.02182101272046566, 0.021500959992408752, 0.01956271380186081, 0.019808558747172356, 0.017705434933304787, 0.0171215683221817, 0.016954330727458, 0.01304404716938734, 0.011371211148798466, 0.011506661772727966, 0.01078859157860279, 0.011414832435548306, 0.010425443761050701, 0.010678370483219624, 0.010332448408007622, 0.01103671919554472, 0.009081883355975151, 0.008053701370954514, 0.007040063850581646, 0.006488695275038481, 0.006320982705801725, 0.005463344510644674, 0.006299597676843405, 0.007349864579737186, 0.0046361349523067474, 0.00465841218829155, 0.006195132154971361, 0.004420271143317223, 0.0032069082371890545, 0.004741664044559002, 0.003430365351960063, 0.003098997985944152, 0.003239462850615382, 0.003376007778570056, 0.004059950355440378, 0.0038528305012732744, 0.004096475429832935, 0.0028435317799448967, 0.0018687177216634154, 0.003187736729159951, 0.0018722250824794173, 0.0024097005371004343, 0.002264783252030611, 0.0019233071943745017, 0.0019202824914827943, 0.0021160359028726816, 0.002637822413817048, 0.001461524749174714, 0.0014807533007115126, 0.0012048236094415188, 0.0019934175070375204, 0.0017242333851754665, 0.0010954701574519277, 0.001792547875083983, 0.0012677180347964168, 0.0012565158540382981, 0.0018161050975322723, 0.0011080510448664427, 0.0014932428020983934, 0.0011161472648382187, 0.0011182199232280254, 0.001205048756673932, 0.0010464878287166357, 0.0009980079485103488, 0.0008418634533882141, 0.0016735998215153813, 0.001028073369525373, 0.0007170072058215737, 0.0005806568660773337, 0.0007254306110553443, 0.0013167283032089472, 0.0006341559928841889, 0.0006179939373396337, 0.0010398895246908069, 0.0008754443260841072, 0.000569185649510473, 0.000808099692221731, 0.0006740265525877476, 0.0007230747723951936, 0.0009181775967590511, 0.0006162946228869259, 0.0011883544502779841, 0.0004513690946623683, 0.0003966588119510561, 0.0004026100505143404, 0.0005060250405222178, 0.0008441269746981561, 0.0003116581356152892], "val_acc": [0.9830999970436096, 0.986299991607666, 0.9868999719619751, 0.9886000156402588, 0.9891999959945679, 0.9908999800682068, 0.9873999953269958, 0.9883999824523926, 0.9909999966621399, 0.9904000163078308, 0.989799976348877, 0.9897000193595886, 0.9907000064849854, 0.9897000193595886, 0.9918000102043152, 0.991599977016449, 0.9919000267982483, 0.9901999831199646, 0.9908000230789185, 0.9916999936103821, 0.991100013256073, 0.9923999905586243, 0.9908999800682068, 0.9918000102043152, 0.9918000102043152, 0.9926000237464905, 0.9907000064849854, 0.9926999807357788, 0.9922000169754028, 0.9921000003814697, 0.9922999739646912, 0.9926999807357788, 0.9918000102043152, 0.9912999868392944, 0.9919999837875366, 0.9915000200271606, 0.9912999868392944, 0.991599977016449, 0.9923999905586243, 0.9922999739646912, 0.9916999936103821, 0.9926999807357788, 0.9927999973297119, 0.9922000169754028, 0.9930999875068665, 0.992900013923645, 0.9926000237464905, 0.991599977016449, 0.9923999905586243, 0.9923999905586243, 0.9927999973297119, 0.9926999807357788, 0.9925000071525574, 0.9919999837875366, 0.9923999905586243, 0.9926999807357788, 0.9921000003814697, 0.9918000102043152, 0.9919999837875366, 0.9921000003814697, 0.9926999807357788, 0.9926999807357788, 0.9929999709129333, 0.9926999807357788, 0.991599977016449, 0.9923999905586243, 0.9919999837875366, 0.9927999973297119, 0.9937000274658203, 0.9927999973297119, 0.9929999709129333, 0.9926999807357788, 0.9933000206947327, 0.992900013923645, 0.992900013923645, 0.9927999973297119, 0.9933000206947327, 0.9933000206947327, 0.9930999875068665, 0.9925000071525574, 0.993399977684021, 0.9933000206947327, 0.9936000108718872, 0.9933000206947327, 0.9936000108718872, 0.993399977684021, 0.9932000041007996, 0.9937999844551086, 0.9932000041007996, 0.9927999973297119, 0.992900013923645, 0.9933000206947327, 0.9934999942779541, 0.9930999875068665, 0.9937999844551086, 0.9939000010490417, 0.9937000274658203, 0.9940000176429749, 0.9937000274658203, 0.9936000108718872],