{"acc": [0.9950166940689087, 0.995033323764801, 0.9950000047683716, 0.995116651058197, 0.9947666525840759, 0.9951000213623047, 0.9952999949455261, 0.995116651058197, 0.995116651058197, 0.9952499866485596, 0.995033323764801, 0.9949833154678345, 0.9953833222389221, 0.9958666563034058, 0.9953666925430298, 0.9954000115394592, 0.9961833357810974, 0.9958666563034058, 0.9957500100135803, 0.9962999820709229, 0.9961166381835938, 0.9961333274841309, 0.9964500069618225, 0.9962000250816345, 0.9964166879653931, 0.9961666464805603, 0.9964500069618225, 0.9965500235557556, 0.9966166615486145, 0.9968833327293396, 0.9966166615486145, 0.9966333508491516, 0.9964333176612854, 0.9964500069618225, 0.9968666434288025, 0.9967333078384399, 0.9967666864395142, 0.9967833161354065, 0.9970166683197021, 0.9968166947364807, 0.9971500039100647, 0.9969333410263062, 0.9972000122070312, 0.9972333312034607, 0.9969499707221985, 0.997083306312561, 0.9975166916847229, 0.9974666833877563, 0.9973166584968567, 0.9973000288009644, 0.9974499940872192, 0.9974833130836487, 0.9974333047866821, 0.9974333047866821, 0.9974499940872192, 0.9973166584968567, 0.9973999857902527, 0.9976500272750854, 0.9973833560943604, 0.9975166916847229, 0.9974666833877563, 0.997083306312561, 0.9972500205039978, 0.9974166750907898, 0.9977499842643738, 0.9975166916847229, 0.99795001745224, 0.9976500272750854, 0.9977333545684814, 0.9977666735649109, 0.9978833198547363, 0.9976333379745483, 0.9976999759674072, 0.9979000091552734, 0.998116672039032, 0.997783362865448, 0.9979166388511658, 0.9981833100318909, 0.998116672039032, 0.9980833530426025, 0.9975833296775818, 0.9982500076293945, 0.9979000091552734, 0.9982500076293945, 0.9983000159263611, 0.9983500242233276, 0.9978333115577698, 0.9980999827384949, 0.9984333515167236, 0.9983333349227905, 0.998033344745636, 0.9982666373252869, 0.9983166456222534, 0.998283326625824, 0.998116672039032, 0.9984166622161865, 0.9984833598136902, 0.9982500076293945, 0.998283326625824, 0.9985499978065491], "loss": [0.015402653254568577, 0.015224896371364594, 0.015436364337801933, 0.015311427414417267, 0.015378441661596298, 0.014513342641294003, 0.01429273746907711, 0.014401331543922424, 0.014917019754648209, 0.014175498858094215, 0.015035532414913177, 0.014440290629863739, 0.013430283404886723, 0.012043422088027, 0.013858689926564693, 0.01270717941224575, 0.012025479227304459, 0.011706171557307243, 0.012106731534004211, 0.011414652690291405, 0.011467601172626019, 0.011481866240501404, 0.010659178718924522, 0.011726672761142254, 0.010999216698110104, 0.011168490163981915, 0.010578020475804806, 0.009646762162446976, 0.010141103528439999, 0.00946835521608591, 0.010239488445222378, 0.010078066028654575, 0.010359397158026695, 0.0101694967597723, 0.009647917002439499, 0.009432782419025898, 0.009200629778206348, 0.00919324904680252, 0.008628921583294868, 0.008761650882661343, 0.008389011956751347, 0.009038355201482773, 0.00859755463898182, 0.008520788513123989, 0.008395339362323284, 0.007861283607780933, 0.007917499169707298, 0.0074312821961939335, 0.007929345592856407, 0.007991483435034752, 0.007474335841834545, 0.007074544671922922, 0.007795155514031649, 0.007673596031963825, 0.007819365710020065, 0.007758511230349541, 0.007794808130711317, 0.007014797069132328, 0.007013797294348478, 0.007131909020245075, 0.0072650788351893425, 0.008212678134441376, 0.007944859564304352, 0.0070550329983234406, 0.006293641868978739, 0.007156092673540115, 0.005916021764278412, 0.006574647501111031, 0.006253877189010382, 0.006508544087409973, 0.006516617257148027, 0.0066522578708827496, 0.0063208164647221565, 0.00595872150734067, 0.005485673900693655, 0.006332668010145426, 0.006253448780626059, 0.00530414842069149, 0.0054998984560370445, 0.005629102233797312, 0.006609821692109108, 0.005378898698836565, 0.005322946701198816, 0.0051713138818740845, 0.005103895906358957, 0.004692734219133854, 0.00594467855989933, 0.005397375673055649, 0.004468885250389576, 0.00539631862193346, 0.005602261982858181, 0.004703955724835396, 0.0051247552037239075, 0.004671971779316664, 0.0053155492059886456, 0.004560649394989014, 0.004304052330553532, 0.004999944474548101, 0.004910856485366821, 0.004493184387683868], "val_acc": [0.9926000237464905, 0.9926999807357788, 0.9922999739646912, 0.9919999837875366, 0.9922999739646912, 0.9918000102043152, 0.9922999739646912, 0.9919999837875366, 0.9922000169754028, 0.992900013923645, 0.9926999807357788, 0.9919999837875366, 0.9919999837875366, 0.9922000169754028, 0.9916999936103821, 0.9918000102043152, 0.991599977016449, 0.9923999905586243, 0.9927999973297119, 0.991599977016449, 0.9919000267982483, 0.9925000071525574, 0.9922999739646912, 0.9915000200271606, 0.9914000034332275, 0.991599977016449, 0.9919000267982483, 0.9918000102043152, 0.9922000169754028, 0.9922999739646912, 0.9925000071525574, 0.9919999837875366, 0.9922000169754028, 0.9927999973297119, 0.9923999905586243, 0.9922999739646912, 0.9916999936103821, 0.9923999905586243, 0.9923999905586243, 0.9922000169754028, 0.9919000267982483, 0.9919000267982483, 0.9922999739646912, 0.9919000267982483, 0.9925000071525574, 0.9918000102043152, 0.9919000267982483, 0.9925000071525574, 0.991100013256073, 0.9922999739646912, 0.9927999973297119, 0.9926999807357788, 0.9923999905586243, 0.9918000102043152, 0.9916999936103821, 0.9921000003814697, 0.992900013923645, 0.9911999702453613, 0.9922999739646912, 0.992900013923645, 0.9925000071525574, 0.9926999807357788, 0.9919999837875366, 0.9925000071525574, 0.9921000003814697, 0.9922999739646912, 0.9925000071525574, 0.9926000237464905, 0.9927999973297119, 0.9921000003814697, 0.9923999905586243, 0.9922999739646912, 0.9927999973297119, 0.9922000169754028, 0.9922999739646912, 0.9919000267982483, 0.9919000267982483, 0.9923999905586243, 0.9922999739646912, 0.9921000003814697, 0.9922000169754028, 0.9927999973297119, 0.9919000267982483, 0.9926999807357788, 0.9916999936103821, 0.9921000003814697, 0.9927999973297119, 0.991599977016449, 0.9927999973297119, 0.9923999905586243, 0.9926999807357788, 0.9925000071525574, 0.9925000071525574, 0.9919999837875366, 0.9922999739646912, 0.9918000102043152, 0.9926999807357788, 0.9926999807357788, 0.9932000041007996, 0.9926999807357788],