{"acc": [0.9455166459083557, 0.9756333231925964, 0.9804666638374329, 0.9825999736785889, 0.9844499826431274, 0.9854666590690613, 0.9867833256721497, 0.989133358001709, 0.9886333346366882, 0.9898166656494141], "loss": [0.1789439171552658, 0.08134492486715317, 0.06516288965940475, 0.05628849193453789, 0.049292292445898056, 0.04656025022268295, 0.043229687958955765, 0.034993257373571396, 0.03611447662115097, 0.032250743359327316], "val_acc": [0.9801999926567078, 0.9842000007629395, 0.9836999773979187, 0.9857000112533569, 0.9882000088691711, 0.987500011920929, 0.9866999983787537, 0.989799976348877, 0.9872999787330627, 0.9887999892234802], "val_loss": [0.05812382698059082, 0.05026935413479805, 0.04811781644821167, 0.048721566796302795, 0.042193278670310974, 0.04482980817556381, 0.0445244163274765, 0.04845710098743439, 0.06228068843483925, 0.04946903511881828]}