{"acc": [0.47023332118988037, 0.7933833599090576, 0.8447999954223633, 0.8738499879837036, 0.8846333622932434, 0.8932499885559082, 0.9016666412353516, 0.9065333604812622, 0.912766695022583, 0.9140333533287048, 0.9190833568572998, 0.9235333204269409, 0.9254500269889832, 0.9288333058357239, 0.9300333261489868, 0.9317333102226257, 0.9340000152587891, 0.9348999857902527, 0.9368833303451538, 0.9391499757766724, 0.9386000037193298, 0.9410499930381775, 0.941349983215332, 0.9424999952316284, 0.9439499974250793, 0.9449833035469055, 0.9466166496276855, 0.9474499821662903, 0.9466999769210815, 0.9483833312988281, 0.9483166933059692, 0.9496333599090576, 0.9507499933242798, 0.9510999917984009, 0.9523166418075562, 0.9532333612442017, 0.9523666501045227, 0.9535333514213562, 0.9532833099365234, 0.9533166885375977, 0.9554166793823242, 0.9553999900817871, 0.9548666477203369, 0.9565666913986206, 0.9576666951179504, 0.9563833475112915, 0.9566333293914795, 0.9578499794006348, 0.9582666754722595, 0.957966685295105, 0.9592333436012268, 0.9592333436012268, 0.9591833353042603, 0.9603833556175232, 0.9611166715621948, 0.9592333436012268, 0.9606500267982483, 0.961650013923645, 0.9607499837875366, 0.9619500041007996, 0.9628666639328003, 0.961566686630249, 0.9624000191688538, 0.9632166624069214, 0.9629833102226257, 0.9626833200454712, 0.963283360004425, 0.9638500213623047, 0.9645000100135803, 0.9633333086967468, 0.9652666449546814, 0.9650499820709229, 0.9642833471298218, 0.9639666676521301, 0.9662333130836487, 0.9651666879653931, 0.9654666781425476, 0.9665166735649109, 0.9659500122070312, 0.9672333598136902, 0.9659666419029236, 0.9660000205039978, 0.9664499759674072, 0.9666000008583069, 0.9664999842643738, 0.967033326625824, 0.9669166803359985, 0.9673833250999451, 0.9672499895095825, 0.9679833054542542, 0.9675499796867371, 0.9683166742324829, 0.9676666855812073, 0.9681000113487244, 0.9681833386421204, 0.9675499796867371, 0.9684000015258789, 0.9685500264167786, 0.9690666794776917, 0.9685500264167786], "loss": [1.6667695045471191, 0.6787717938423157, 0.505424439907074, 0.42354682087898254, 0.38100290298461914, 0.35231173038482666, 0.3224661648273468, 0.30811089277267456, 0.2912681996822357, 0.28143706917762756, 0.2687230110168457, 0.25460782647132874, 0.24847546219825745, 0.23904229700565338, 0.23374778032302856, 0.22508949041366577, 0.21968163549900055, 0.21632742881774902, 0.21189099550247192, 0.2060888707637787, 0.2032654732465744, 0.19612137973308563, 0.19505369663238525, 0.19027219712734222, 0.1891215443611145, 0.18326370418071747, 0.1799841821193695, 0.17698612809181213, 0.17433850467205048, 0.17272649705410004, 0.16986165940761566, 0.16769160330295563, 0.165445014834404, 0.16253097355365753, 0.15978004038333893, 0.15658988058567047, 0.15758198499679565, 0.1560598760843277, 0.15468329191207886, 0.15410545468330383, 0.14881154894828796, 0.14799176156520844, 0.14897477626800537, 0.14313192665576935, 0.14361071586608887, 0.1445561796426773, 0.14135195314884186, 0.1401679515838623, 0.1381167471408844, 0.13833148777484894, 0.13699644804000854, 0.135462686419487, 0.1323888599872589, 0.1318214386701584, 0.13121742010116577, 0.13281413912773132, 0.13003258407115936, 0.12816257774829865, 0.1285226047039032, 0.1261696070432663, 0.12505774199962616, 0.12801404297351837, 0.12493707239627838, 0.12435227632522583, 0.12294548004865646, 0.1226625069975853, 0.12072227895259857, 0.12067529559135437, 0.11843548715114594, 0.12053859978914261, 0.11732907593250275, 0.11683814972639084, 0.11888717114925385, 0.11713448911905289, 0.11351541429758072, 0.11577055603265762, 0.11342654377222061, 0.11305813491344452, 0.11290266364812851, 0.11188782751560211, 0.11095847189426422, 0.11272159218788147, 0.11157563328742981, 0.11099903285503387, 0.10998676717281342, 0.10970596969127655, 0.10871407389640808, 0.10801266133785248, 0.10757215321063995, 0.10699522495269775, 0.10738026350736618, 0.10522934049367905, 0.10611070692539215, 0.10451672971248627, 0.10511846840381622, 0.10579801350831985, 0.10283759236335754, 0.10391506552696228, 0.10194110870361328, 0.10264374315738678], "val_acc": [0.8335000276565552, 0.8924000263214111, 0.911300003528595, 0.9214000105857849, 0.9282000064849854, 0.9337000250816345, 0.9369999766349792, 0.9416999816894531, 0.944100022315979, 0.9466999769210815, 0.9491000175476074, 0.9509000182151794, 0.9519000053405762, 0.9535999894142151, 0.954800009727478, 0.9559999704360962, 0.9567999839782715, 0.9580000042915344, 0.958899974822998, 0.9592000246047974, 0.9606000185012817, 0.9610999822616577, 0.961899995803833, 0.9628999829292297, 0.963100016117096, 0.9631999731063843, 0.9635000228881836, 0.9656000137329102, 0.9657999873161316, 0.9670000076293945, 0.9666000008583069, 0.9672999978065491, 0.9682999849319458, 0.9688000082969666, 0.9692000150680542, 0.9697999954223633, 0.97079998254776, 0.9711999893188477, 0.9706000089645386, 0.9714000225067139, 0.9714999794960022, 0.9710000157356262, 0.9724000096321106, 0.9725000262260437, 0.9726999998092651, 0.9733999967575073, 0.9732999801635742, 0.9735000133514404, 0.973800003528595, 0.974399983882904, 0.974399983882904, 0.9746999740600586, 0.9747999906539917, 0.9751999974250793, 0.9757000207901001, 0.9753000140190125, 0.9757000207901001, 0.9758999943733215, 0.9763000011444092, 0.9763000011444092, 0.9761999845504761, 0.9764000177383423, 0.9761999845504761, 0.9769999980926514, 0.9771000146865845, 0.9772999882698059, 0.9772999882698059, 0.977400004863739, 0.977400004863739, 0.9779999852180481, 0.9779000282287598, 0.9782000184059143, 0.9779999852180481, 0.9782000184059143, 0.9785000085830688, 0.9786999821662903, 0.978600025177002, 0.9786999821662903, 0.9789999723434448, 0.9789999723434448, 0.9789000153541565, 0.9793999791145325, 0.9796000123023987, 0.9796000123023987, 0.9793000221252441, 0.9794999957084656, 0.9797000288963318, 0.9797999858856201, 0.9799000024795532, 0.9799000024795532, 0.9797000288963318, 0.9801999926567078, 0.9800999760627747, 0.9804999828338623, 0.9803000092506409, 0.980400025844574, 0.9803000092506409, 0.9804999828338623, 0.9803000092506409, 0.9807000160217285],