{"acc": [0.9458500146865845, 0.9749666452407837, 0.9802833199501038, 0.9827333092689514, 0.9843000173568726, 0.9865166544914246, 0.987666666507721, 0.9884666800498962, 0.9886833429336548, 0.9890833497047424, 0.9898666739463806, 0.9903333187103271, 0.9906833171844482, 0.9909999966621399, 0.9916499853134155, 0.991516649723053, 0.9913833141326904, 0.9924166798591614, 0.9923333525657654, 0.9926166534423828, 0.9927666783332825, 0.9926499724388123, 0.9941666722297668, 0.994866669178009, 0.9949333071708679, 0.9951333403587341, 0.9947333335876465, 0.9952666759490967, 0.995199978351593, 0.9951833486557007, 0.9955000281333923, 0.9955666661262512, 0.9964166879653931, 0.996649980545044, 0.9971333146095276, 0.996999979019165, 0.9969000220298767, 0.9969333410263062, 0.9974333047866821, 0.9974333047866821, 0.9976000189781189, 0.9970999956130981, 0.9976999759674072, 0.9977666735649109, 0.9980166554450989, 0.9981666803359985, 0.9983999729156494, 0.9983166456222534, 0.9982500076293945, 0.9984333515167236, 0.998033344745636, 0.9983500242233276, 0.9983500242233276, 0.9985499978065491, 0.9986833333969116, 0.9987499713897705, 0.9990000128746033, 0.9986166954040527, 0.9990666508674622, 0.9990666508674622, 0.9988333582878113, 0.9988166689872742, 0.9989833235740662, 0.9991000294685364, 0.9990333318710327, 0.9992333054542542, 0.9992333054542542, 0.9993000030517578, 0.9994500279426575, 0.9991999864578247, 0.9991666674613953, 0.9993500113487244, 0.9994333386421204, 0.9991833567619324, 0.9993333220481873, 0.9994500279426575, 0.9994333386421204, 0.9994333386421204, 0.9994166493415833, 0.9994500279426575, 0.9995666742324829, 0.9995666742324829, 0.9997000098228455, 0.9995166659355164, 0.999750018119812, 0.9994666576385498, 0.9995499849319458, 0.9996166825294495, 0.999666690826416, 0.9995999932289124, 0.999750018119812, 0.9996333122253418, 0.9997333288192749, 0.9995666742324829, 0.9996166825294495, 0.9996333122253418, 0.9996833205223083, 0.999666690826416, 0.9997666478157043, 0.9997000098228455], "loss": [0.1816285103559494, 0.08352416008710861, 0.06632202863693237, 0.05650046840310097, 0.05040698125958443, 0.04563138261437416, 0.040478792041540146, 0.037704434245824814, 0.03513357788324356, 0.03507773578166962, 0.031834714114665985, 0.029187755659222603, 0.028784561902284622, 0.028400177136063576, 0.025926245376467705, 0.02620208077132702, 0.02670239843428135, 0.024762041866779327, 0.022752147167921066, 0.022831212729215622, 0.02379416674375534, 0.022350100800395012, 0.018200473859906197, 0.01604185439646244, 0.016279513016343117, 0.01567602902650833, 0.01672106608748436, 0.014284983277320862, 0.014746821485459805, 0.014678336679935455, 0.013405035249888897, 0.013627155683934689, 0.010358667001128197, 0.010374300181865692, 0.008812189102172852, 0.009392941370606422, 0.009342319332063198, 0.008775684051215649, 0.008512523956596851, 0.00816354900598526, 0.0074770781211555, 0.00823116209357977, 0.006834506057202816, 0.006833015009760857, 0.0060363286174833775, 0.005539745558053255, 0.005378739442676306, 0.005048869177699089, 0.005158774089068174, 0.004883476998656988, 0.005924625787883997, 0.00505618192255497, 0.004749067593365908, 0.004369853530079126, 0.0038838470354676247, 0.003937524277716875, 0.0033779176883399487, 0.004204127937555313, 0.003298873547464609, 0.003112208563834429, 0.0036343757528811693, 0.003822328755632043, 0.003173500532284379, 0.00298132817260921, 0.002977989846840501, 0.00259588984772563, 0.0025004465132951736, 0.0023072080221027136, 0.0020997098181396723, 0.0028050318360328674, 0.0026260579470545053, 0.002438849536702037, 0.0021273980382829905, 0.0022665865253657103, 0.002362736500799656, 0.0018419375410303473, 0.001843762001954019, 0.001955165062099695, 0.0018973740516230464, 0.0017846199916675687, 0.0016629310557618737, 0.0016137128695845604, 0.0013827942311763763, 0.0015611689304932952, 0.0012415602104738355, 0.0014956736704334617, 0.0014636958949267864, 0.001358622219413519, 0.0012590750120580196, 0.0013347278581932187, 0.0010633401107043028, 0.0012441604631021619, 0.00107284402474761, 0.0014315079897642136, 0.0012961752945557237, 0.0012156550073996186, 0.0011740586487576365, 0.0012156657176092267, 0.001092561287805438, 0.001031596097163856], "val_acc": [0.9768999814987183, 0.984000027179718, 0.9840999841690063, 0.9866999983787537, 0.9878000020980835, 0.9873999953269958, 0.9883999824523926, 0.9869999885559082, 0.9882000088691711, 0.9894000291824341, 0.9897000193595886, 0.9901000261306763, 0.9887999892234802, 0.9894000291824341, 0.9896000027656555, 0.9886999726295471, 0.9904999732971191, 0.9894999861717224, 0.9901000261306763, 0.9894999861717224, 0.9900000095367432, 0.9904999732971191, 0.9904000163078308, 0.9916999936103821, 0.9900000095367432, 0.9900000095367432, 0.9909999966621399, 0.9908999800682068, 0.9902999997138977, 0.9884999990463257, 0.9904999732971191, 0.9904999732971191, 0.9904000163078308, 0.989799976348877, 0.9902999997138977, 0.9908999800682068, 0.9908000230789185, 0.9911999702453613, 0.9911999702453613, 0.991100013256073, 0.9912999868392944, 0.991100013256073, 0.9908000230789185, 0.991599977016449, 0.9908999800682068, 0.9908999800682068, 0.9909999966621399, 0.991599977016449, 0.991100013256073, 0.9915000200271606, 0.9904999732971191, 0.989799976348877, 0.9905999898910522, 0.9912999868392944, 0.9908000230789185, 0.9904999732971191, 0.9915000200271606, 0.9908999800682068, 0.9912999868392944, 0.9908000230789185, 0.9909999966621399, 0.9900000095367432, 0.9911999702453613, 0.9909999966621399, 0.9915000200271606, 0.991599977016449, 0.9915000200271606, 0.9915000200271606, 0.991100013256073, 0.9908000230789185, 0.9907000064849854, 0.9912999868392944, 0.9907000064849854, 0.991100013256073, 0.9914000034332275, 0.9914000034332275, 0.991599977016449, 0.9907000064849854, 0.9912999868392944, 0.9914000034332275, 0.9909999966621399, 0.9912999868392944, 0.9914000034332275, 0.9912999868392944, 0.9911999702453613, 0.9911999702453613, 0.9909999966621399, 0.9909999966621399, 0.9909999966621399, 0.9911999702453613, 0.9915000200271606, 0.9911999702453613, 0.9912999868392944, 0.9908999800682068, 0.9909999966621399, 0.9908999800682068, 0.9908000230789185, 0.9911999702453613, 0.9912999868392944, 0.991599977016449],