{"acc": [0.989883303642273, 0.9904166460037231, 0.9905499815940857, 0.9917500019073486, 0.9918166399002075, 0.9914833307266235, 0.9924833178520203, 0.9918500185012817, 0.9928333163261414, 0.992733359336853, 0.9928833246231079, 0.9933500289916992, 0.9931666851043701, 0.9941499829292297, 0.9935666918754578, 0.9937166571617126, 0.9940999746322632, 0.993483304977417, 0.9941499829292297, 0.9946500062942505, 0.9940333366394043, 0.9950666427612305, 0.9949166774749756, 0.9939166903495789, 0.9945999979972839, 0.994700014591217, 0.9948833584785461, 0.9944833517074585, 0.9949333071708679, 0.994700014591217, 0.9949666857719421, 0.9948166608810425, 0.9947500228881836, 0.9958500266075134, 0.9955499768257141, 0.9959333539009094, 0.9957666397094727, 0.9952333569526672, 0.9955499768257141, 0.9958500266075134, 0.9959333539009094, 0.9952166676521301, 0.9954833388328552, 0.9955833554267883, 0.9962833523750305, 0.9955000281333923, 0.995283305644989, 0.9957666397094727, 0.9960333108901978, 0.9958666563034058], "loss": [0.0319213829934597, 0.030332297086715698, 0.030391227453947067, 0.027620593085885048, 0.027303656563162804, 0.028415199369192123, 0.024657579138875008, 0.026570606976747513, 0.024104701355099678, 0.024957645684480667, 0.023127296939492226, 0.022152921184897423, 0.022885838523507118, 0.019644122570753098, 0.02159378118813038, 0.020986365154385567, 0.020073115825653076, 0.022393712773919106, 0.020071031525731087, 0.018196307122707367, 0.02056227996945381, 0.01729387603700161, 0.018400317057967186, 0.02017281763255596, 0.02022562175989151, 0.019009629264473915, 0.01979418471455574, 0.01883740723133087, 0.018702946603298187, 0.01960275135934353, 0.017331048846244812, 0.017726430669426918, 0.01947958394885063, 0.015412438660860062, 0.017052307724952698, 0.016417531296610832, 0.016846660524606705, 0.017858464270830154, 0.01724645122885704, 0.015218307264149189, 0.015320058912038803, 0.017071915790438652, 0.01764916442334652, 0.017900584265589714, 0.014051871374249458, 0.01890367828309536, 0.017025280743837357, 0.015778228640556335, 0.015140212140977383, 0.01530520524829626], "val_acc": [0.9901000261306763, 0.9872999787330627, 0.9890000224113464, 0.9882000088691711, 0.9886000156402588, 0.989300012588501, 0.9909999966621399, 0.9897000193595886, 0.9911999702453613, 0.9915000200271606, 0.9914000034332275, 0.9894999861717224, 0.9898999929428101, 0.9879000186920166, 0.9915000200271606, 0.991599977016449, 0.9905999898910522, 0.9908999800682068, 0.9905999898910522, 0.9911999702453613, 0.9894999861717224, 0.9908000230789185, 0.9902999997138977, 0.9907000064849854, 0.9916999936103821, 0.989799976348877, 0.9905999898910522, 0.9907000064849854, 0.9905999898910522, 0.9908999800682068, 0.9907000064849854, 0.9904000163078308, 0.9918000102043152, 0.991100013256073, 0.9908999800682068, 0.991100013256073, 0.9901000261306763, 0.9908999800682068, 0.9900000095367432, 0.9898999929428101, 0.9914000034332275, 0.9879999756813049, 0.991100013256073, 0.9887999892234802, 0.9908000230789185, 0.9914000034332275, 0.9908999800682068, 0.9901000261306763, 0.9889000058174133, 0.9908000230789185], "val_loss": [0.0389239527285099, 0.05637146160006523, 0.045859139412641525, 0.051507286727428436, 0.04981444776058197, 0.053076304495334625, 0.042283907532691956, 0.06610497087240219, 0.041498493403196335, 0.045795097947120667, 0.040857914835214615, 0.0502464585006237, 0.05038974806666374, 0.06494737416505814, 0.04200892522931099, 0.05320781096816063, 0.05306629091501236, 0.05400986969470978, 0.055456824600696564, 0.04039830341935158, 0.05423375964164734, 0.04985904321074486, 0.06188754364848137, 0.07391928136348724, 0.05613108351826668, 0.06417881697416306, 0.0514654666185379, 0.0608949214220047, 0.07383324205875397, 0.05251416191458702, 0.06716904044151306, 0.05268293619155884, 0.0600036196410656, 0.0667036846280098, 0.061373017728328705, 0.0629144012928009, 0.05736474692821503, 0.06527837365865707, 0.071404367685318, 0.06643933057785034, 0.06201285496354103, 0.08822476118803024, 0.07208994776010513, 0.06381041556596756, 0.06536606699228287, 0.06146325543522835, 0.0717628225684166, 0.05549158900976181, 0.07886602729558945, 0.06913959980010986]}