{"acc": [0.6481166481971741, 0.8563166856765747, 0.8830666542053223, 0.896399974822998, 0.9062333106994629, 0.9119333624839783, 0.91798335313797, 0.922249972820282, 0.9252333045005798, 0.9286999702453613, 0.9310666918754578, 0.9324666857719421, 0.9349499940872192, 0.9375333189964294, 0.9390833377838135, 0.9417166709899902, 0.9421499967575073, 0.9440333247184753, 0.9449833035469055, 0.9467333555221558, 0.9483000040054321, 0.9492666721343994, 0.9490333199501038, 0.9508333206176758, 0.9513333439826965, 0.9526000022888184, 0.9539999961853027, 0.9537166953086853, 0.9554833173751831, 0.9550166726112366, 0.9558666944503784, 0.9566666483879089, 0.9569833278656006, 0.9576833248138428, 0.958466649055481, 0.9590333104133606, 0.9584166407585144, 0.9592166543006897, 0.9593333601951599, 0.9602000117301941, 0.9607999920845032, 0.9613999724388123, 0.9618499875068665, 0.9616166949272156, 0.9623833298683167, 0.9632499814033508, 0.9631833434104919, 0.9637333154678345, 0.9640499949455261, 0.9642833471298218, 0.9638166427612305, 0.9642166495323181, 0.9651833176612854, 0.9652166962623596, 0.9646666646003723, 0.965833306312561, 0.9663333296775818, 0.9660500288009644, 0.9661499857902527, 0.9664833545684814, 0.9666333198547363, 0.9674833416938782, 0.9666000008583069, 0.9672166705131531, 0.9674666523933411, 0.9680333137512207, 0.9677166938781738, 0.9678000211715698, 0.9678166508674622, 0.9675333499908447, 0.9682166576385498, 0.968500018119812, 0.9682000279426575, 0.9696999788284302, 0.9693999886512756, 0.9691166877746582, 0.9694333076477051, 0.9694833159446716, 0.9689833521842957, 0.9698333144187927, 0.9700166583061218, 0.9698166847229004, 0.97038334608078, 0.9714333415031433, 0.9699000120162964, 0.9706666469573975, 0.970716655254364, 0.9711166620254517, 0.9709166884422302, 0.97038334608078, 0.9719666838645935, 0.9712166786193848, 0.97079998254776, 0.9706833362579346, 0.9715499877929688, 0.9718833565711975, 0.9713833332061768, 0.9718666672706604, 0.9714833498001099, 0.9723666906356812], "loss": [1.2863386869430542, 0.5623202323913574, 0.4367062449455261, 0.37771356105804443, 0.34062659740448, 0.31419533491134644, 0.2928200960159302, 0.2779898941516876, 0.26290950179100037, 0.2517140507698059, 0.24238468706607819, 0.23442970216274261, 0.2253592163324356, 0.21770140528678894, 0.212193101644516, 0.2050582319498062, 0.19968491792678833, 0.19460651278495789, 0.19105412065982819, 0.18582071363925934, 0.18138685822486877, 0.17889206111431122, 0.1755029559135437, 0.17071327567100525, 0.16856512427330017, 0.16636689007282257, 0.16206049919128418, 0.1609271764755249, 0.1572631150484085, 0.1556776911020279, 0.15228788554668427, 0.1523188054561615, 0.14965224266052246, 0.14680112898349762, 0.14567534625530243, 0.14357495307922363, 0.14167948067188263, 0.14065934717655182, 0.1386750340461731, 0.13758698105812073, 0.1358996331691742, 0.13446222245693207, 0.13356120884418488, 0.1316879391670227, 0.13115869462490082, 0.12883707880973816, 0.12904240190982819, 0.12731415033340454, 0.12577609717845917, 0.12491137534379959, 0.12394155561923981, 0.12320420891046524, 0.12148043513298035, 0.1206783726811409, 0.12060217559337616, 0.11840655654668808, 0.11752242594957352, 0.11764365434646606, 0.1164691150188446, 0.11605055630207062, 0.1155795231461525, 0.11396398395299911, 0.11411555856466293, 0.11289314925670624, 0.1130887120962143, 0.1117347702383995, 0.11074832826852798, 0.11042436212301254, 0.110641710460186, 0.10992782562971115, 0.10891936719417572, 0.1077706441283226, 0.10722824186086655, 0.10646066069602966, 0.10612507164478302, 0.10599631816148758, 0.10528440773487091, 0.10540268570184708, 0.10493262857198715, 0.10426247864961624, 0.10308507829904556, 0.10326326638460159, 0.10176310688257217, 0.10088372975587845, 0.10152677446603775, 0.10119535773992538, 0.10022289305925369, 0.09955795109272003, 0.10008462518453598, 0.09993778169155121, 0.09842321276664734, 0.09768834710121155, 0.09897571802139282, 0.09859172254800797, 0.09809699654579163, 0.09710361808538437, 0.0962534248828888, 0.09640362858772278, 0.09633295238018036, 0.0949806347489357], "val_acc": [0.868399977684021, 0.9002000093460083, 0.9151999950408936, 0.9218999743461609, 0.9272000193595886, 0.9318000078201294, 0.9348000288009644, 0.9390000104904175, 0.9406999945640564, 0.9424999952316284, 0.9447000026702881, 0.9469000101089478, 0.9478999972343445, 0.9491000175476074, 0.9509000182151794, 0.9520000219345093, 0.9527000188827515, 0.9541000127792358, 0.9550999999046326, 0.9564999938011169, 0.9574000239372253, 0.9580000042915344, 0.958299994468689, 0.9591000080108643, 0.9596999883651733, 0.9603000283241272, 0.9607999920845032, 0.9613999724388123, 0.9621000289916992, 0.9624000191688538, 0.9624999761581421, 0.9634000062942505, 0.9635999798774719, 0.9639000296592712, 0.9641000032424927, 0.9646000266075134, 0.9650999903678894, 0.9653000235557556, 0.9659000039100647, 0.9663000106811523, 0.9670000076293945, 0.967199981212616, 0.9674999713897705, 0.9684000015258789, 0.9684000015258789, 0.9690999984741211, 0.9695000052452087, 0.9692000150680542, 0.9696000218391418, 0.9702000021934509, 0.9703999757766724, 0.9703999757766724, 0.97079998254776, 0.9710999727249146, 0.9711999893188477, 0.9714999794960022, 0.9718000292778015, 0.9721999764442444, 0.9722999930381775, 0.9725000262260437, 0.9724000096321106, 0.9728000164031982, 0.9728000164031982, 0.9732999801635742, 0.9733999967575073, 0.9735000133514404, 0.9735999703407288, 0.9739000201225281, 0.9740999937057495, 0.974399983882904, 0.9743000268936157, 0.9745000004768372, 0.9746999740600586, 0.9749000072479248, 0.9749000072479248, 0.9750000238418579, 0.9754999876022339, 0.9753000140190125, 0.975600004196167, 0.9757000207901001, 0.9753000140190125, 0.9754999876022339, 0.975600004196167, 0.9757000207901001, 0.975600004196167, 0.9757999777793884, 0.9761999845504761, 0.9761999845504761, 0.9758999943733215, 0.9767000079154968, 0.9771999716758728, 0.9776999950408936, 0.9768999814987183, 0.9769999980926514, 0.9779999852180481, 0.9779000282287598, 0.9778000116348267, 0.9781000018119812, 0.9779000282287598, 0.9782000184059143],