{"acc": [0.11221666634082794, 0.11236666887998581, 0.11236666887998581, 0.11236666887998581, 0.11236666887998581, 0.11236666887998581, 0.11236666887998581, 0.11236666887998581, 0.11236666887998581, 0.11236666887998581, 0.11236666887998581, 0.11236666887998581, 0.11236666887998581, 0.11236666887998581, 0.11236666887998581, 0.11236666887998581, 0.11236666887998581, 0.11236666887998581, 0.11236666887998581, 0.11236666887998581, 0.11236666887998581, 0.11236666887998581, 0.11236666887998581, 0.11236666887998581, 0.11236666887998581, 0.11236666887998581, 0.11236666887998581, 0.11236666887998581, 0.11236666887998581, 0.11236666887998581, 0.11236666887998581, 0.11236666887998581, 0.11236666887998581, 0.11236666887998581, 0.11236666887998581, 0.11236666887998581, 0.11236666887998581, 0.11236666887998581, 0.11236666887998581, 0.11236666887998581, 0.11236666887998581, 0.11236666887998581, 0.11236666887998581, 0.11236666887998581, 0.11236666887998581, 0.11236666887998581, 0.11236666887998581, 0.11236666887998581, 0.11236666887998581, 0.11236666887998581, 0.11236666887998581, 0.11236666887998581, 0.11236666887998581, 0.11236666887998581, 0.11236666887998581, 0.11236666887998581, 0.11236666887998581, 0.11236666887998581, 0.11236666887998581, 0.11236666887998581, 0.11236666887998581, 0.11236666887998581, 0.11236666887998581, 0.11236666887998581, 0.11236666887998581, 0.11236666887998581, 0.11236666887998581, 0.11236666887998581, 0.11236666887998581, 0.11236666887998581, 0.11236666887998581, 0.11236666887998581, 0.11236666887998581, 0.11236666887998581, 0.11236666887998581, 0.11236666887998581, 0.11236666887998581, 0.11236666887998581, 0.11236666887998581, 0.11236666887998581, 0.11236666887998581, 0.11236666887998581, 0.11236666887998581, 0.11236666887998581, 0.11236666887998581, 0.11236666887998581, 0.11236666887998581, 0.11236666887998581, 0.11236666887998581, 0.11236666887998581, 0.11236666887998581, 0.11236666887998581, 0.11236666887998581, 0.11236666887998581, 0.11236666887998581, 0.11236666887998581, 0.11236666887998581, 0.11236666887998581, 0.11236666887998581, 0.11236666887998581], "loss": [2.301882266998291, 2.301746368408203, 2.3016724586486816, 2.3016176223754883, 2.3015689849853516, 2.3015341758728027, 2.301503896713257, 2.301478624343872, 2.3014535903930664, 2.30143141746521, 2.3014166355133057, 2.301396608352661, 2.301381826400757, 2.301367998123169, 2.30135440826416, 2.301344156265259, 2.3013343811035156, 2.3013250827789307, 2.301316976547241, 2.3013083934783936, 2.301299810409546, 2.3012921810150146, 2.301285982131958, 2.3012759685516357, 2.30126953125, 2.3012638092041016, 2.301262855529785, 2.301257371902466, 2.301255226135254, 2.3012499809265137, 2.3012442588806152, 2.301241874694824, 2.301239490509033, 2.3012373447418213, 2.3012330532073975, 2.301229953765869, 2.3012282848358154, 2.3012256622314453, 2.301225423812866, 2.3012239933013916, 2.301220417022705, 2.301218032836914, 2.3012168407440186, 2.3012168407440186, 2.30121111869812, 2.30121111869812, 2.3012125492095947, 2.3012092113494873, 2.3012070655822754, 2.301208019256592, 2.30120587348938, 2.301205635070801, 2.3012051582336426, 2.3012044429779053, 2.301204204559326, 2.3012025356292725, 2.301199436187744, 2.3011996746063232, 2.301196813583374, 2.3011958599090576, 2.3011958599090576, 2.301193952560425, 2.3011932373046875, 2.3011932373046875, 2.3011913299560547, 2.3011934757232666, 2.301194906234741, 2.301194190979004, 2.3011927604675293, 2.3011927604675293, 2.301191568374634, 2.3011913299560547, 2.301191568374634, 2.301190137863159, 2.3011884689331055, 2.301187753677368, 2.3011879920959473, 2.3011865615844727, 2.301187038421631, 2.30118727684021, 2.301185369491577, 2.3011884689331055, 2.3011868000030518, 2.301187515258789, 2.3011868000030518, 2.3011865615844727, 2.3011865615844727, 2.3011868000030518, 2.3011841773986816, 2.30118465423584, 2.3011844158172607, 2.301185369491577, 2.301185369491577, 2.3011841773986816, 2.3011844158172607, 2.301182508468628, 2.3011844158172607, 2.301185131072998, 2.301184892654419, 2.3011858463287354], "val_acc": [0.11349999904632568, 0.11349999904632568, 0.11349999904632568, 0.11349999904632568, 0.11349999904632568, 0.11349999904632568, 0.11349999904632568, 0.11349999904632568, 0.11349999904632568, 0.11349999904632568, 0.11349999904632568, 0.11349999904632568, 0.11349999904632568, 0.11349999904632568, 0.11349999904632568, 0.11349999904632568, 0.11349999904632568, 0.11349999904632568, 0.11349999904632568, 0.11349999904632568, 0.11349999904632568, 0.11349999904632568, 0.11349999904632568, 0.11349999904632568, 0.11349999904632568, 0.11349999904632568, 0.11349999904632568, 0.11349999904632568, 0.11349999904632568, 0.11349999904632568, 0.11349999904632568, 0.11349999904632568, 0.11349999904632568, 0.11349999904632568, 0.11349999904632568, 0.11349999904632568, 0.11349999904632568, 0.11349999904632568, 0.11349999904632568, 0.11349999904632568, 0.11349999904632568, 0.11349999904632568, 0.11349999904632568, 0.11349999904632568, 0.11349999904632568, 0.11349999904632568, 0.11349999904632568, 0.11349999904632568, 0.11349999904632568, 0.11349999904632568, 0.11349999904632568, 0.11349999904632568, 0.11349999904632568, 0.11349999904632568, 0.11349999904632568, 0.11349999904632568, 0.11349999904632568, 0.11349999904632568, 0.11349999904632568, 0.11349999904632568, 0.11349999904632568, 0.11349999904632568, 0.11349999904632568, 0.11349999904632568, 0.11349999904632568, 0.11349999904632568, 0.11349999904632568, 0.11349999904632568, 0.11349999904632568, 0.11349999904632568, 0.11349999904632568, 0.11349999904632568, 0.11349999904632568, 0.11349999904632568, 0.11349999904632568, 0.11349999904632568, 0.11349999904632568, 0.11349999904632568, 0.11349999904632568, 0.11349999904632568, 0.11349999904632568, 0.11349999904632568, 0.11349999904632568, 0.11349999904632568, 0.11349999904632568, 0.11349999904632568, 0.11349999904632568, 0.11349999904632568, 0.11349999904632568, 0.11349999904632568, 0.11349999904632568, 0.11349999904632568, 0.11349999904632568, 0.11349999904632568, 0.11349999904632568, 0.11349999904632568, 0.11349999904632568, 0.11349999904632568, 0.11349999904632568, 0.11349999904632568],